round_id,round_name,year_id,year,stage
12829,Semi Final,75823,2015,13
12828,Sixth Round Proper,75823,2015,12
12827,Fifth Round Proper,75823,2015,11
12826,Fourth Round Proper,75823,2015,10
12825,Third Round Proper,75823,2015,9
12824,Second Round Proper,75823,2015,8
12823,First Round Proper,75823,2015,7
12822,Fourth Round Qualifying,75823,2015,6
12821,Third Round Qualifying,75823,2015,5
12820,Second Round Qualifying,75823,2015,4
12819,First Round Qualifying,75823,2015,3
12818,Preliminary Round,75823,2015,2
12817,Extra Preliminary Round,75823,2015,1
10615,Semi-Final,71226,2007,13
10614,Sixth Round Proper,71226,2007,12
10613,Fifth Round Proper,71226,2007,11
10612,Fourth Round Proper,71226,2007,10
10611,Third Round Proper,71226,2007,9
10610,Second Round Proper,71226,2007,8
10609,First Round Proper,71226,2007,7
10608,Fourth Qualifying Round,71226,2007,6
10607,Third Qualifying Round,71226,2007,5
10606,Second Qualifying Round,71226,2007,4
10605,First Qualifying Round,71226,2007,3
10604,Preliminary Round,71226,2007,2
10603,Extra Preliminary Round,71226,2007,1
11526,Semi-Final,71309,1956,12
11527,Sixth Round Proper,71309,1956,11
11517,Fifth Round Proper,71309,1956,10
11522,Fourth Round Proper,71309,1956,9
11529,Third Round Proper,71309,1956,8
11525,Second Round Proper,71309,1956,7
11520,First Round Proper,71309,1956,6
11521,Fourth Qualifying Round,71309,1956,5
11528,Third Qualifying Round,71309,1956,4
11524,Second Qualifying Round,71309,1956,3
11519,First Qualifying Round,71309,1956,2
11523,Preliminary Round,71309,1956,1
9258,Final,71041,1993,16
9257,Semi-Final,71041,1993,15
9256,Sixth Round Proper,71041,1993,14
9255,Fifth Round Proper,71041,1993,13
9254,Fourth Round Proper,71041,1993,12
9253,Third Round Proper 2nd Replay,71041,1993,11
9252,Third Round Proper,71041,1993,10
9251,Second Round Proper 2nd Replay,71041,1993,9
9250,Second Round Proper,71041,1993,8
9249,First Round Proper Second Replay,71041,1993,7
9248,First Round Proper,71041,1993,6
9247,Fourth Qualifying Round,71041,1993,5
9246,Third Qualifying Round,71041,1993,4
9245,Second Qualifying Round,71041,1993,3
9244,First Qualifying Round,71041,1993,2
9243,Preliminary Round,71041,1993,1
9193,Semi-Final,71040,1992,12
11983,Sixth Round Proper,71040,1992,11
11980,Fifth Round Proper,71040,1992,10
11981,Fourth Round Proper,71040,1992,9
11984,Third Round Proper,71040,1992,8
11982,Second Round Proper,71040,1992,7
9184,First Round Proper,71040,1992,6
9183,Fourth Qualifying Round,71040,1992,5
9182,Third Qualifying Round,71040,1992,4
9181,Second Qualifying Round,71040,1992,3
9180,First Qualifying Round,71040,1992,2
9179,Preliminary Round,71040,1992,1
11513,Semi-Final,71308,1955,12
11514,Sixth Round Proper,71308,1955,11
11504,Fifth Round Proper,71308,1955,10
11509,Fourth Round Proper,71308,1955,9
11516,Third Round Proper,71308,1955,8
11512,Second Round Proper,71308,1955,7
11507,First Round Proper,71308,1955,6
11508,Fourth Qualifying Round,71308,1955,5
11515,Third Qualifying Round,71308,1955,4
11511,Second Qualifying Round,71308,1955,3
11506,First Qualifying Round,71308,1955,2
11510,Preliminary Round,71308,1955,1
9592,Semi-Final,71046,1998,12
9591,Sixth Round Proper,71046,1998,11
9590,Fifth Round Proper,71046,1998,10
9589,Fourth Round Proper,71046,1998,9
9588,Third Round Proper,71046,1998,8
9587,Second Round Proper,71046,1998,7
9586,First Round Proper,71046,1998,6
9585,Fourth Qualifying Round,71046,1998,5
9584,Third Qualifying Round,71046,1998,4
9583,Second Qualifying Round,71046,1998,3
9582,First Qualifying Round,71046,1998,2
9581,Preliminary Round,71046,1998,1
9660,Semi-Final,71047,1999,12
9659,Sixth Round Proper,71047,1999,11
9658,Fifth Round Proper,71047,1999,10
9657,Fourth Round Proper,71047,1999,9
9656,Third Round Proper,71047,1999,8
9655,Second Round Proper,71047,1999,7
9654,First Round Proper,71047,1999,6
9653,Fourth Qualifying Round,71047,1999,5
9652,Third Qualifying Round,71047,1999,4
9651,Second Qualifying Round,71047,1999,3
9650,First Qualifying Round,71047,1999,2
9649,Preliminary Round,71047,1999,1
11500,Semi-Final,71307,1954,12
11501,Sixth Round Proper,71307,1954,11
11491,Fifth Round Proper,71307,1954,10
11496,Fourth Round Proper,71307,1954,9
11503,Third Round Proper,71307,1954,8
11499,Second Round Proper,71307,1954,7
11494,First Round Proper,71307,1954,6
11495,Fourth Qualifying Round,71307,1954,5
11502,Third Qualifying Round,71307,1954,4
11498,Second Qualifying Round,71307,1954,3
11493,First Qualifying Round,71307,1954,2
11497,Preliminary Round,71307,1954,1
11474,Semi-Final,71305,1952,12
11475,Sixth Round Proper,71305,1952,11
11465,Fifth Round Proper,71305,1952,10
11470,Fourth Round Proper,71305,1952,9
11477,Third Round Proper,71305,1952,8
11473,Second Round Proper,71305,1952,7
11468,First Round Proper,71305,1952,6
11469,Fourth Qualifying Round,71305,1952,5
11476,Third Qualifying Round,71305,1952,4
11472,Second Qualifying Round,71305,1952,3
11467,First Qualifying Round,71305,1952,2
11471,Preliminary Round,71305,1952,1
11461,Semi-Final,71304,1951,13
11462,Sixth Round Proper,71304,1951,12
11452,Fifth Round Proper,71304,1951,11
11457,Fourth Round Proper,71304,1951,10
11464,Third Round Proper,71304,1951,9
11460,Second Round Proper,71304,1951,8
11455,First Round Proper,71304,1951,7
11456,Fourth Qualifying Round,71304,1951,6
11463,Third Qualifying Round,71304,1951,5
11459,Second Qualifying Round,71304,1951,4
11454,First Qualifying Round,71304,1951,3
11458,Preliminary Round,71304,1951,2
11451,Extra Preliminary Round,71304,1951,1
11152,Semi-Final,71281,1923,13
11148,Fourth Round Proper,71281,1923,12
11155,Third Round Proper,71281,1923,11
11151,Second Round Proper,71281,1923,10
11146,First Round Proper,71281,1923,9
11153,Sixth Qualifying Round,71281,1923,8
11143,Fifth Qualifying Round,71281,1923,7
11147,Fourth Qualifying Round,71281,1923,6
11154,Third Qualifying Round,71281,1923,5
11150,Second Qualifying Round,71281,1923,4
11145,First Qualifying Round,71281,1923,3
11149,Preliminary Round,71281,1923,2
11142,Extra Preliminary Round,71281,1923,1
11755,Semi-Final,71327,1974,12
11756,Sixth Round Proper,71327,1974,11
11746,Fifth Round Proper,71327,1974,10
11751,Fourth Round Proper,71327,1974,9
11758,Third Round Proper,71327,1974,8
11754,Second Round Proper,71327,1974,7
11749,First Round Proper,71327,1974,6
11750,Fourth Qualifying Round,71327,1974,5
11757,Third Qualifying Round,71327,1974,4
11753,Second Qualifying Round,71327,1974,3
11748,First Qualifying Round,71327,1974,2
11752,Preliminary Round,71327,1974,1
11180,Semi-Final,71283,1925,13
11176,Fourth Round Proper,71283,1925,12
11183,Third Round Proper,71283,1925,11
11179,Second Round Proper,71283,1925,10
11174,First Round Proper,71283,1925,9
11181,Sixth Qualifying Round,71283,1925,8
11171,Fifth Qualifying Round,71283,1925,7
11175,Fourth Qualifying Round,71283,1925,6
11182,Third Qualifying Round,71283,1925,5
11178,Second Qualifying Round,71283,1925,4
11173,First Qualifying Round,71283,1925,3
11177,Preliminary Round,71283,1925,2
11170,Extra Preliminary Round,71283,1925,1
11166,Semi-Final,71282,1924,13
11162,Fourth Round Proper,71282,1924,12
11169,Third Round Proper,71282,1924,11
11165,Second Round Proper,71282,1924,10
11160,First Round Proper,71282,1924,9
11167,Sixth Qualifying Round,71282,1924,8
11157,Fifth Qualifying Round,71282,1924,7
11161,Fourth Qualifying Round,71282,1924,6
11168,Third Qualifying Round,71282,1924,5
11164,Second Qualifying Round,71282,1924,4
11159,First Qualifying Round,71282,1924,3
11163,Preliminary Round,71282,1924,2
11156,Extra Preliminary Round,71282,1924,1
9454,Semi-Final,71044,1996,12
9453,Sixth Round Proper,71044,1996,11
9452,Fifth Round Proper,71044,1996,10
9451,Fourth Round Proper,71044,1996,9
9450,Third Round Proper,71044,1996,8
9449,Second Round Proper,71044,1996,7
9448,First Round Proper,71044,1996,6
9447,Fourth Qualifying Round,71044,1996,5
9446,Third Qualifying Round,71044,1996,4
9445,Second Qualifying Round,71044,1996,3
9444,First Qualifying Round,71044,1996,2
9443,Preliminary Round,71044,1996,1
10863,Semi-Final,71258,1896,9
10865,Third Round Proper,71258,1896,8
10862,Second Round Proper,71258,1896,7
10858,First Round Proper,71258,1896,6
10859,Fourth Qualifying Round,71258,1896,5
10864,Third Qualifying Round,71258,1896,4
10861,Second Qualifying Round,71258,1896,3
10857,First Qualifying Round,71258,1896,2
10860,Preliminary Round,71258,1896,1
11487,Semi-Final,71306,1953,12
11488,Sixth Round Proper,71306,1953,11
11478,Fifth Round Proper,71306,1953,10
11483,Fourth Round Proper,71306,1953,9
11490,Third Round Proper,71306,1953,8
11486,Second Round Proper,71306,1953,7
11481,First Round Proper,71306,1953,6
11482,Fourth Qualifying Round,71306,1953,5
11489,Third Qualifying Round,71306,1953,4
11485,Second Qualifying Round,71306,1953,3
11480,First Qualifying Round,71306,1953,2
11484,Preliminary Round,71306,1953,1
11690,Semi-Final,71322,1969,12
11691,Sixth Round Proper,71322,1969,11
11681,Fifth Round Proper,71322,1969,10
11686,Fourth Round Proper,71322,1969,9
11693,Third Round Proper,71322,1969,8
11689,Second Round Proper,71322,1969,7
11684,First Round Proper,71322,1969,6
11685,Fourth Qualifying Round,71322,1969,5
11692,Third Qualifying Round,71322,1969,4
11688,Second Qualifying Round,71322,1969,3
11683,First Qualifying Round,71322,1969,2
11687,Preliminary Round,71322,1969,1
11677,Semi-Final,71321,1968,12
11678,Sixth Round Proper,71321,1968,11
11668,Fifth Round Proper,71321,1968,10
11673,Fourth Round Proper,71321,1968,9
11680,Third Round Proper,71321,1968,8
11676,Second Round Proper,71321,1968,7
11671,First Round Proper,71321,1968,6
11672,Fourth Qualifying Round,71321,1968,5
11679,Third Qualifying Round,71321,1968,4
11675,Second Qualifying Round,71321,1968,3
11670,First Qualifying Round,71321,1968,2
11674,Preliminary Round,71321,1968,1
11664,Semi-Final,71320,1967,11
11665,Sixth Round Proper,71320,1967,10
11656,Fifth Round Proper,71320,1967,9
11661,Fourth Round Proper,71320,1967,8
11667,Third Round Proper,71320,1967,7
11663,Second Round Proper,71320,1967,6
11659,First Round Proper,71320,1967,5
11660,Fourth Qualifying Round,71320,1967,4
11666,Third Qualifying Round,71320,1967,3
11662,Second Qualifying Round,71320,1967,2
11658,First Qualifying Round,71320,1967,1
11768,Semi-Final,71328,1975,12
11769,Sixth Round Proper,71328,1975,11
11759,Fifth Round Proper,71328,1975,10
11764,Fourth Round Proper,71328,1975,9
11771,Third Round Proper,71328,1975,8
11767,Second Round Proper,71328,1975,7
11762,First Round Proper,71328,1975,6
11763,Fourth Qualifying Round,71328,1975,5
11770,Third Qualifying Round,71328,1975,4
11766,Second Qualifying Round,71328,1975,3
11761,First Qualifying Round,71328,1975,2
11765,Preliminary Round,71328,1975,1
11781,Semi-Final,71329,1976,12
11782,Sixth Round Proper,71329,1976,11
11772,Fifth Round Proper,71329,1976,10
11777,Fourth Round Proper,71329,1976,9
11784,Third Round Proper,71329,1976,8
11780,Second Round Proper,71329,1976,7
11775,First Round Proper,71329,1976,6
11776,Fourth Qualifying Round,71329,1976,5
11783,Third Qualifying Round,71329,1976,4
11779,Second Qualifying Round,71329,1976,3
11774,First Qualifying Round,71329,1976,2
11778,Preliminary Round,71329,1976,1
11695,Final,71323,1970,13
11703,Semi-Final,71323,1970,12
11704,Sixth Round Proper,71323,1970,11
11694,Fifth Round Proper,71323,1970,10
11699,Fourth Round Proper,71323,1970,9
11706,Third Round Proper,71323,1970,8
11702,Second Round Proper,71323,1970,7
11697,First Round Proper,71323,1970,6
11698,Fourth Qualifying Round,71323,1970,5
11705,Third Qualifying Round,71323,1970,4
11701,Second Qualifying Round,71323,1970,3
11696,First Qualifying Round,71323,1970,2
11700,Preliminary Round,71323,1970,1
11222,Semi-Final,71286,1928,13
11223,Sixth Round Proper,71286,1928,12
11213,Fifth Round Proper,71286,1928,11
11218,Fourth Round Proper,71286,1928,10
11225,Third Round Proper,71286,1928,9
11221,Second Round Proper,71286,1928,8
11216,First Round Proper,71286,1928,7
11217,Fourth Qualifying Round,71286,1928,6
11224,Third Qualifying Round,71286,1928,5
11220,Second Qualifying Round,71286,1928,4
11215,First Qualifying Round,71286,1928,3
11219,Preliminary Round,71286,1928,2
11212,Extra Preliminary Round,71286,1928,1
11236,Semi-Final,71287,1929,13
11237,Sixth Round Proper,71287,1929,12
11227,Fifth Round Proper,71287,1929,11
11232,Fourth Round Proper,71287,1929,10
11239,Third Round Proper,71287,1929,9
11235,Second Round Proper,71287,1929,8
11230,First Round Proper,71287,1929,7
11231,Fourth Qualifying Round,71287,1929,6
11238,Third Qualifying Round,71287,1929,5
11234,Second Qualifying Round,71287,1929,4
11229,First Qualifying Round,71287,1929,3
11233,Preliminary Round,71287,1929,2
11226,Extra Preliminary Round,71287,1929,1
11138,Semi-Final,71280,1922,13
11134,Fourth Round Proper,71280,1922,12
11141,Third Round Proper,71280,1922,11
11137,Second Round Proper,71280,1922,10
11132,First Round Proper,71280,1922,9
11139,Sixth Qualifying Round,71280,1922,8
11129,Fifth Qualifying Round,71280,1922,7
11133,Fourth Qualifying Round,71280,1922,6
11140,Third Qualifying Round,71280,1922,5
11136,Second Qualifying Round,71280,1922,4
11131,First Qualifying Round,71280,1922,3
11135,Preliminary Round,71280,1922,2
11128,Extra Preliminary Round,71280,1922,1
9385,Semi-Final,71043,1995,12
9384,Sixth Round Proper,71043,1995,11
9383,Fifth Round Proper,71043,1995,10
9382,Fourth Round Proper,71043,1995,9
9381,Third Round Proper,71043,1995,8
9380,Second Round Proper,71043,1995,7
9379,First Round Proper,71043,1995,6
9378,Fourth Qualifying Round,71043,1995,5
9377,Third Qualifying Round,71043,1995,4
9376,Second Qualifying Round,71043,1995,3
9375,First Qualifying Round,71043,1995,2
9374,Preliminary Round,71043,1995,1
11716,Semi-Final,71324,1971,12
11717,Sixth Round Proper,71324,1971,11
11707,Fifth Round Proper,71324,1971,10
11712,Fourth Round Proper,71324,1971,9
11719,Third Round Proper,71324,1971,8
11715,Second Round Proper,71324,1971,7
11710,First Round Proper,71324,1971,6
11711,Fourth Qualifying Round,71324,1971,5
11718,Third Qualifying Round,71324,1971,4
11714,Second Qualifying Round,71324,1971,3
11709,First Qualifying Round,71324,1971,2
11713,Preliminary Round,71324,1971,1
11292,Semi-Final,71291,1933,13
11293,Sixth Round Proper,71291,1933,12
11283,Fifth Round Proper,71291,1933,11
11288,Fourth Round Proper,71291,1933,10
11295,Third Round Proper,71291,1933,9
11291,Second Round Proper,71291,1933,8
11286,First Round Proper,71291,1933,7
11287,Fourth Qualifying Round,71291,1933,6
11294,Third Qualifying Round,71291,1933,5
11290,Second Qualifying Round,71291,1933,4
11285,First Qualifying Round,71291,1933,3
11289,Preliminary Round,71291,1933,2
11282,Extra Preliminary Round,71291,1933,1
11376,Semi-Final,71297,1939,13
11377,Sixth Round Proper,71297,1939,12
11367,Fifth Round Proper,71297,1939,11
11372,Fourth Round Proper,71297,1939,10
11379,Third Round Proper,71297,1939,9
11375,Second Round Proper,71297,1939,8
11370,First Round Proper,71297,1939,7
11371,Fourth Qualifying Round,71297,1939,6
11378,Third Qualifying Round,71297,1939,5
11374,Second Qualifying Round,71297,1939,4
11369,First Qualifying Round,71297,1939,3
11373,Preliminary Round,71297,1939,2
11366,Extra Preliminary Round,71297,1939,1
11306,Semi-Final,71292,1934,13
11307,Sixth Round Proper,71292,1934,12
11297,Fifth Round Proper,71292,1934,11
11302,Fourth Round Proper,71292,1934,10
11309,Third Round Proper,71292,1934,9
11305,Second Round Proper,71292,1934,8
11300,First Round Proper,71292,1934,7
11301,Fourth Qualifying Round,71292,1934,6
11308,Third Qualifying Round,71292,1934,5
11304,Second Qualifying Round,71292,1934,4
11299,First Qualifying Round,71292,1934,3
11303,Preliminary Round,71292,1934,2
11296,Extra Preliminary Round,71292,1934,1
11729,Semi-Final,71325,1972,12
11730,Sixth Round Proper,71325,1972,11
11720,Fifth Round Proper,71325,1972,10
11725,Fourth Round Proper,71325,1972,9
11732,Third Round Proper,71325,1972,8
11728,Second Round Proper,71325,1972,7
11723,First Round Proper,71325,1972,6
11724,Fourth Qualifying Round,71325,1972,5
11731,Third Qualifying Round,71325,1972,4
11727,Second Qualifying Round,71325,1972,3
11722,First Qualifying Round,71325,1972,2
11726,Preliminary Round,71325,1972,1
11320,Semi-Final,71293,1935,13
11321,Sixth Round Proper,71293,1935,12
11311,Fifth Round Proper,71293,1935,11
11316,Fourth Round Proper,71293,1935,10
11323,Third Round Proper,71293,1935,9
11319,Second Round Proper,71293,1935,8
11314,First Round Proper,71293,1935,7
11315,Fourth Qualifying Round,71293,1935,6
11322,Third Qualifying Round,71293,1935,5
11318,Second Qualifying Round,71293,1935,4
11313,First Qualifying Round,71293,1935,3
11317,Preliminary Round,71293,1935,2
11310,Extra Preliminary Round,71293,1935,1
11348,Semi-Final,71295,1937,13
11349,Sixth Round Proper,71295,1937,12
11339,Fifth Round Proper,71295,1937,11
11344,Fourth Round Proper,71295,1937,10
11351,Third Round Proper,71295,1937,9
11347,Second Round Proper,71295,1937,8
11342,First Round Proper,71295,1937,7
11343,Fourth Qualifying Round,71295,1937,6
11350,Third Qualifying Round,71295,1937,5
11346,Second Qualifying Round,71295,1937,4
11341,First Qualifying Round,71295,1937,3
11345,Preliminary Round,71295,1937,2
11338,Extra Preliminary Round,71295,1937,1
11334,Semi-Final,71294,1936,13
11335,Sixth Round Proper,71294,1936,12
11325,Fifth Round Proper,71294,1936,11
11330,Fourth Round Proper,71294,1936,10
11337,Third Round Proper,71294,1936,9
11333,Second Round Proper,71294,1936,8
11328,First Round Proper,71294,1936,7
11329,Fourth Qualifying Round,71294,1936,6
11336,Third Qualifying Round,71294,1936,5
11332,Second Qualifying Round,71294,1936,4
11327,First Qualifying Round,71294,1936,3
11331,Preliminary Round,71294,1936,2
11324,Extra Preliminary Round,71294,1936,1
9938,Semi-Final,71051,2003,13
9937,Sixth Round Proper,71051,2003,12
9936,Fifth Round Proper,71051,2003,11
9935,Fourth Round Proper,71051,2003,10
9934,Third Round Proper,71051,2003,9
9933,Second Round Proper,71051,2003,8
9932,First Round Proper,71051,2003,7
9931,Fourth Qualifying Round,71051,2003,6
9930,Third Qualifying Round,71051,2003,5
9929,Second Qualifying Round,71051,2003,4
9928,First Qualifying Round,71051,2003,3
9927,Preliminary Round,71051,2003,2
9926,Extra Preliminary Round,71051,2003,1
10081,Semi-Final,71053,2005,13
10080,Sixth Round Proper,71053,2005,12
10079,Fifth Round Proper,71053,2005,11
10078,Fourth Round Proper,71053,2005,10
10077,Third Round Proper,71053,2005,9
10076,Second Round Proper,71053,2005,8
10075,First Round Proper,71053,2005,7
10074,Fourth Qualifying Round,71053,2005,6
10073,Third Qualifying Round,71053,2005,5
10072,Second Qualifying Round,71053,2005,4
10071,First Qualifying Round,71053,2005,3
10070,Preliminary Round,71053,2005,2
10069,Extra Preliminary Round,71053,2005,1
9868,Semi-Final,71050,2002,13
9867,Sixth Round Proper,71050,2002,12
9866,Fifth Round Proper,71050,2002,11
9865,Fourth Round Proper,71050,2002,10
9864,Third Round Proper,71050,2002,9
9863,Second Round Proper,71050,2002,8
9862,First Round Proper,71050,2002,7
9861,Fourth Qualifying Round,71050,2002,6
9860,Third Qualifying Round,71050,2002,5
9859,Second Qualifying Round,71050,2002,4
9858,First Qualifying Round,71050,2002,3
9857,Preliminary Round,71050,2002,2
9856,Extra Preliminary Round,71050,2002,1
11362,Semi-Final,71296,1938,13
11363,Sixth Round Proper,71296,1938,12
11353,Fifth Round Proper,71296,1938,11
11358,Fourth Round Proper,71296,1938,10
11365,Third Round Proper,71296,1938,9
11361,Second Round Proper,71296,1938,8
11356,First Round Proper,71296,1938,7
11357,Fourth Qualifying Round,71296,1938,6
11364,Third Qualifying Round,71296,1938,5
11360,Second Qualifying Round,71296,1938,4
11355,First Qualifying Round,71296,1938,3
11359,Preliminary Round,71296,1938,2
11352,Extra Preliminary Round,71296,1938,1
11278,Semi-Final,71290,1932,13
11279,Sixth Round Proper,71290,1932,12
11269,Fifth Round Proper,71290,1932,11
11274,Fourth Round Proper,71290,1932,10
11281,Third Round Proper,71290,1932,9
11277,Second Round Proper,71290,1932,8
11272,First Round Proper,71290,1932,7
11273,Fourth Qualifying Round,71290,1932,6
11280,Third Qualifying Round,71290,1932,5
11276,Second Qualifying Round,71290,1932,4
11271,First Qualifying Round,71290,1932,3
11275,Preliminary Round,71290,1932,2
11268,Extra Preliminary Round,71290,1932,1
10009,Semi-Final,71052,2004,13
10008,Sixth Round Proper,71052,2004,12
10007,Fifth Round Proper,71052,2004,11
10006,Fourth Round Proper,71052,2004,10
10005,Third Round Proper,71052,2004,9
10004,Second Round Proper,71052,2004,8
10003,First Round Proper,71052,2004,7
10002,Fourth Qualifying Round,71052,2004,6
10001,Third Qualifying Round,71052,2004,5
10000,Second Qualifying Round,71052,2004,4
9999,First Qualifying Round,71052,2004,3
9998,Preliminary Round,71052,2004,2
9997,Extra Preliminary Round,71052,2004,1
9523,Semi-Final,71045,1997,12
9522,Sixth Round Proper,71045,1997,11
9521,Fifth Round Proper,71045,1997,10
9520,Fourth Round Proper,71045,1997,9
9519,Third Round Proper,71045,1997,8
9518,Second Round Proper,71045,1997,7
9517,First Round Proper,71045,1997,6
9516,Fourth Qualifying Round,71045,1997,5
9515,Third Qualifying Round,71045,1997,4
9514,Second Qualifying Round,71045,1997,3
9513,First Qualifying Round,71045,1997,2
9512,Preliminary Round,71045,1997,1
10682,Semi-Final,71234,1872,4
10683,Third Round Proper,71234,1872,3
10681,Second Round Proper,71234,1872,2
10680,First Round Proper,71234,1872,1
10693,Semi-Final,71236,1874,4
10694,Third Round Proper,71236,1874,3
10692,Second Round Proper,71236,1874,2
10691,First Round Proper,71236,1874,1
12748,Semi Final,75769,2014,13
12747,Sixth Round Proper,75769,2014,12
12746,Fifth Round Proper,75769,2014,11
12745,Fourth Round Proper,75769,2014,10
12744,Third Round Proper,75769,2014,9
12743,Second Round Proper,75769,2014,8
12742,First Round Proper,75769,2014,7
12741,Fourth Round Qualifying,75769,2014,6
12740,Third Round Qualifying,75769,2014,5
12739,Second Round Qualifying,75769,2014,4
12738,First Round Qualifying,75769,2014,3
12737,Preliminary Round,75769,2014,2
12736,Extra Preliminary Round,75769,2014,1
11742,Semi-Final,71326,1973,12
11743,Sixth Round Proper,71326,1973,11
11733,Fifth Round Proper,71326,1973,10
11738,Fourth Round Proper,71326,1973,9
11745,Third Round Proper,71326,1973,8
11741,Second Round Proper,71326,1973,7
11736,First Round Proper,71326,1973,6
11737,Fourth Qualifying Round,71326,1973,5
11744,Third Qualifying Round,71326,1973,4
11740,Second Qualifying Round,71326,1973,3
11735,First Qualifying Round,71326,1973,2
11739,Preliminary Round,71326,1973,1
11419,Semi-Final,71301,1948,13
11420,Sixth Round Proper,71301,1948,12
11410,Fifth Round Proper,71301,1948,11
11415,Fourth Round Proper,71301,1948,10
11422,Third Round Proper,71301,1948,9
11418,Second Round Proper,71301,1948,8
11413,First Round Proper,71301,1948,7
11414,Fourth Qualifying Round,71301,1948,6
11421,Third Qualifying Round,71301,1948,5
11417,Second Qualifying Round,71301,1948,4
11412,First Qualifying Round,71301,1948,3
11416,Preliminary Round,71301,1948,2
11409,Extra Preliminary Round,71301,1948,1
10796,Semi-Final,71251,1889,8
10798,Third Round Proper,71251,1889,7
10795,Second Round Proper,71251,1889,6
10792,First Round Proper,71251,1889,5
10793,Fourth Qualifying Round,71251,1889,4
10797,Third Qualifying Round,71251,1889,3
10794,Second Qualifying Round,71251,1889,2
10791,First Qualifying Round,71251,1889,1
10700,Final,71238,1876,5
10703,Semi-Final,71238,1876,4
10704,Third Round Proper,71238,1876,3
10702,Second Round Proper,71238,1876,2
10701,First Round Proper,71238,1876,1
10153,Semi-Final,71054,2006,13
10152,Sixth Round Proper,71054,2006,12
10151,Fifth Round Proper,71054,2006,11
10150,Fourth Round Proper,71054,2006,10
10149,Third Round Proper,71054,2006,9
10148,Second Round Proper,71054,2006,8
10147,First Round Proper,71054,2006,7
10146,Fourth Qualifying Round,71054,2006,6
10145,Third Qualifying Round,71054,2006,5
10144,Second Qualifying Round,71054,2006,4
10143,First Qualifying Round,71054,2006,3
10142,Preliminary Round,71054,2006,2
10141,Extra Preliminary Round,71054,2006,1
11794,Semi-Final,71330,1977,12
11795,Sixth Round Proper,71330,1977,11
11785,Fifth Round Proper,71330,1977,10
11790,Fourth Round Proper,71330,1977,9
11797,Third Round Proper,71330,1977,8
11793,Second Round Proper,71330,1977,7
11788,First Round Proper,71330,1977,6
11789,Fourth Qualifying Round,71330,1977,5
11796,Third Qualifying Round,71330,1977,4
11792,Second Qualifying Round,71330,1977,3
11787,First Qualifying Round,71330,1977,2
11791,Preliminary Round,71330,1977,1
11838,Final,71334,1981,13
11846,Semi-Final,71334,1981,12
11847,Sixth Round Proper,71334,1981,11
11837,Fifth Round Proper,71334,1981,10
11842,Fourth Round Proper,71334,1981,9
11849,Third Round Proper,71334,1981,8
11845,Second Round Proper,71334,1981,7
11840,First Round Proper,71334,1981,6
11841,Fourth Qualifying Round,71334,1981,5
11848,Third Qualifying Round,71334,1981,4
11844,Second Qualifying Round,71334,1981,3
11839,First Qualifying Round,71334,1981,2
11843,Preliminary Round,71334,1981,1
11833,Semi-Final,71333,1980,12
11834,Sixth Round Proper,71333,1980,11
11824,Fifth Round Proper,71333,1980,10
11829,Fourth Round Proper,71333,1980,9
11836,Third Round Proper,71333,1980,8
11832,Second Round Proper,71333,1980,7
11827,First Round Proper,71333,1980,6
11828,Fourth Qualifying Round,71333,1980,5
11835,Third Qualifying Round,71333,1980,4
11831,Second Qualifying Round,71333,1980,3
11826,First Qualifying Round,71333,1980,2
11830,Preliminary Round,71333,1980,1
11885,Semi-Final,71337,1984,12
11886,Sixth Round Proper,71337,1984,11
11876,Fifth Round Proper,71337,1984,10
11881,Fourth Round Proper,71337,1984,9
11888,Third Round Proper,71337,1984,8
11884,Second Round Proper,71337,1984,7
11879,First Round Proper,71337,1984,6
11880,Fourth Qualifying Round,71337,1984,5
11887,Third Qualifying Round,71337,1984,4
11883,Second Qualifying Round,71337,1984,3
11878,First Qualifying Round,71337,1984,2
11882,Preliminary Round,71337,1984,1
11898,Semi-Final,71338,1985,12
11899,Sixth Round Proper,71338,1985,11
11889,Fifth Round Proper,71338,1985,10
11894,Fourth Round Proper,71338,1985,9
11901,Third Round Proper,71338,1985,8
11897,Second Round Proper,71338,1985,7
11892,First Round Proper,71338,1985,6
11893,Fourth Qualifying Round,71338,1985,5
11900,Third Qualifying Round,71338,1985,4
11896,Second Qualifying Round,71338,1985,3
11891,First Qualifying Round,71338,1985,2
11895,Preliminary Round,71338,1985,1
11864,Final,71336,1983,13
11872,Semi-Final,71336,1983,12
11873,Sixth Round Proper,71336,1983,11
11863,Fifth Round Proper,71336,1983,10
11868,Fourth Round Proper,71336,1983,9
11875,Third Round Proper,71336,1983,8
11871,Second Round Proper,71336,1983,7
11866,First Round Proper,71336,1983,6
11867,Fourth Qualifying Round,71336,1983,5
11874,Third Qualifying Round,71336,1983,4
11870,Second Qualifying Round,71336,1983,3
11865,First Qualifying Round,71336,1983,2
11869,Preliminary Round,71336,1983,1
11820,Semi-Final,71332,1979,12
11821,Sixth Round Proper,71332,1979,11
11811,Fifth Round Proper,71332,1979,10
11816,Fourth Round Proper,71332,1979,9
11823,Third Round Proper,71332,1979,8
11819,Second Round Proper,71332,1979,7
11814,First Round Proper,71332,1979,6
11815,Fourth Qualifying Round,71332,1979,5
11822,Third Qualifying Round,71332,1979,4
11818,Second Qualifying Round,71332,1979,3
11813,First Qualifying Round,71332,1979,2
11817,Preliminary Round,71332,1979,1
10787,Semi-Final,71250,1888,7
10788,Sixth Round Proper,71250,1888,6
10782,Fifth Round Proper,71250,1888,5
10785,Fourth Round Proper,71250,1888,4
10789,Third Round Proper,71250,1888,3
10786,Second Round Proper,71250,1888,2
10784,First Round Proper,71250,1888,1
10874,Semi-Final,71259,1897,10
10876,Third Round Proper,71259,1897,9
10873,Second Round Proper,71259,1897,8
10869,First Round Proper,71259,1897,7
10866,Fifth Qualifying Round,71259,1897,6
10870,Fourth Qualifying Round,71259,1897,5
10875,Third Qualifying Round,71259,1897,4
10872,Second Qualifying Round,71259,1897,3
10868,First Qualifying Round,71259,1897,2
10871,Preliminary Round,71259,1897,1
11911,Semi-Final,71339,1986,12
11912,Sixth Round Proper,71339,1986,11
11902,Fifth Round Proper,71339,1986,10
11907,Fourth Round Proper,71339,1986,9
11914,Third Round Proper,71339,1986,8
11910,Second Round Proper,71339,1986,7
11905,First Round Proper,71339,1986,6
11906,Fourth Qualifying Round,71339,1986,5
11913,Third Qualifying Round,71339,1986,4
11909,Second Qualifying Round,71339,1986,3
11904,First Qualifying Round,71339,1986,2
11908,Preliminary Round,71339,1986,1
12584,Semi Final,75670,2012,13
12583,Sixth Round Proper,75670,2012,12
12582,Fifth Round Proper,75670,2012,11
12581,Fourth Round Proper,75670,2012,10
12580,Third Round Proper,75670,2012,9
12579,Second Round Proper,75670,2012,8
12578,First Round Proper,75670,2012,7
12577,Fourth Round Qualifying,75670,2012,6
12576,Third Round Qualifying,75670,2012,5
12575,Second Round Qualifying,75670,2012,4
12574,First Round Qualifying,75670,2012,3
12573,Preliminary Round,75670,2012,2
12572,Extra Preliminary Round,75670,2012,1
9728,Semi-Final,71048,2000,12
9727,Sixth Round Proper,71048,2000,11
9726,Fifth Round Proper,71048,2000,10
9725,Fourth Round Proper,71048,2000,9
9724,Third Round Proper,71048,2000,8
9723,Second Round Proper,71048,2000,7
9722,First Round Proper,71048,2000,6
9721,Fourth Qualifying Round,71048,2000,5
9720,Third Qualifying Round,71048,2000,4
9719,Second Qualifying Round,71048,2000,3
9718,First Qualifying Round,71048,2000,2
9717,Preliminary Round,71048,2000,1
11264,Semi-Final,71289,1931,13
11265,Sixth Round Proper,71289,1931,12
11255,Fifth Round Proper,71289,1931,11
11260,Fourth Round Proper,71289,1931,10
11267,Third Round Proper,71289,1931,9
11263,Second Round Proper,71289,1931,8
11258,First Round Proper,71289,1931,7
11259,Fourth Qualifying Round,71289,1931,6
11266,Third Qualifying Round,71289,1931,5
11262,Second Qualifying Round,71289,1931,4
11257,First Qualifying Round,71289,1931,3
11261,Preliminary Round,71289,1931,2
11254,Extra Preliminary Round,71289,1931,1
11208,Semi-Final,71285,1927,13
11209,Sixth Round Proper,71285,1927,12
11199,Fifth Round Proper,71285,1927,11
11204,Fourth Round Proper,71285,1927,10
11211,Third Round Proper,71285,1927,9
11207,Second Round Proper,71285,1927,8
11202,First Round Proper,71285,1927,7
11203,Fourth Qualifying Round,71285,1927,6
11210,Third Qualifying Round,71285,1927,5
11206,Second Qualifying Round,71285,1927,4
11201,First Qualifying Round,71285,1927,3
11205,Preliminary Round,71285,1927,2
11198,Extra Preliminary Round,71285,1927,1
11250,Semi-Final,71288,1930,13
11251,Sixth Round Proper,71288,1930,12
11241,Fifth Round Proper,71288,1930,11
11246,Fourth Round Proper,71288,1930,10
11253,Third Round Proper,71288,1930,9
11249,Second Round Proper,71288,1930,8
11244,First Round Proper,71288,1930,7
11245,Fourth Qualifying Round,71288,1930,6
11252,Third Qualifying Round,71288,1930,5
11248,Second Qualifying Round,71288,1930,4
11243,First Qualifying Round,71288,1930,3
11247,Preliminary Round,71288,1930,2
11240,Extra Preliminary Round,71288,1930,1
9798,Semi-Final,71049,2001,13
9797,Sixth Round Proper,71049,2001,12
9796,Fifth Round Proper,71049,2001,11
9795,Fourth Round Proper,71049,2001,10
9794,Third Round Proper,71049,2001,9
9793,Second Round Proper,71049,2001,8
9792,First Round Proper,71049,2001,7
9791,Fourth Qualifying Round,71049,2001,6
9790,Third Qualifying Round,71049,2001,5
9789,Second Qualifying Round,71049,2001,4
9788,First Qualifying Round,71049,2001,3
9787,Preliminary Round,71049,2001,2
9786,Extra Preliminary Round,71049,2001,1
11851,Final,71335,1982,13
11859,Semi-Final,71335,1982,12
11860,Sixth Round Proper,71335,1982,11
11850,Fifth Round Proper,71335,1982,10
11855,Fourth Round Proper,71335,1982,9
11862,Third Round Proper,71335,1982,8
11858,Second Round Proper,71335,1982,7
11853,First Round Proper,71335,1982,6
11854,Fourth Qualifying Round,71335,1982,5
11861,Third Qualifying Round,71335,1982,4
11857,Second Qualifying Round,71335,1982,3
11852,First Qualifying Round,71335,1982,2
11856,Preliminary Round,71335,1982,1
11405,Semi-Final,71300,1947,13
11406,Sixth Round Proper,71300,1947,12
11396,Fifth Round Proper,71300,1947,11
11401,Fourth Round Proper,71300,1947,10
11408,Third Round Proper,71300,1947,9
11404,Second Round Proper,71300,1947,8
11399,First Round Proper,71300,1947,7
11400,Fourth Qualifying Round,71300,1947,6
11407,Third Qualifying Round,71300,1947,5
11403,Second Qualifying Round,71300,1947,4
11398,First Qualifying Round,71300,1947,3
11402,Preliminary Round,71300,1947,2
11395,Extra Preliminary Round,71300,1947,1
11391,Semi-Final,71299,1946,13
11392,Sixth Round Proper,71299,1946,12
11382,Fifth Round Proper,71299,1946,11
11387,Fourth Round Proper,71299,1946,10
11394,Third Round Proper,71299,1946,9
11390,Second Round Proper,71299,1946,8
11385,First Round Proper,71299,1946,7
11386,Fourth Qualifying Round,71299,1946,6
11393,Third Qualifying Round,71299,1946,5
11389,Second Qualifying Round,71299,1946,4
11384,First Qualifying Round,71299,1946,3
11388,Preliminary Round,71299,1946,2
11381,Extra Preliminary Round,71299,1946,1
10688,Semi-Final,71235,1873,5
10686,Fourth Round Proper,71235,1873,4
10689,Third Round Proper,71235,1873,3
10687,Second Round Proper,71235,1873,2
10685,First Round Proper,71235,1873,1
12503,Semi Final,75592,2011,13
12502,Sixth Round Proper,75592,2011,12
12501,Fifth Round Proper,75592,2011,11
12500,Fourth Round Proper,75592,2011,10
12499,Third Round Proper,75592,2011,9
12498,Second Round Proper,75592,2011,8
12497,First Round Proper,75592,2011,7
12496,Fourth Round Qualifying,75592,2011,6
12495,Third Round Qualifying,75592,2011,5
12494,Second Round Qualifying,75592,2011,4
12493,First Round Qualifying,75592,2011,3
12492,Preliminary Round,75592,2011,2
12491,Extra Preliminary Round,75592,2011,1
11433,Semi-Final,71302,1949,13
11434,Sixth Round Proper,71302,1949,12
11424,Fifth Round Proper,71302,1949,11
11429,Fourth Round Proper,71302,1949,10
11436,Third Round Proper,71302,1949,9
11432,Second Round Proper,71302,1949,8
11427,First Round Proper,71302,1949,7
11428,Fourth Qualifying Round,71302,1949,6
11435,Third Qualifying Round,71302,1949,5
11431,Second Qualifying Round,71302,1949,4
11426,First Qualifying Round,71302,1949,3
11430,Preliminary Round,71302,1949,2
11423,Extra Preliminary Round,71302,1949,1
9317,Semi-Final,71042,1994,17
9316,Sixth Round,71042,1994,16
9315,Fifth Round,71042,1994,15
9314,Fourth Round,71042,1994,14
9313,Third Round,71042,1994,13
9312,Second Round,71042,1994,12
9311,First Round Proper,71042,1994,11
9310,Fourth Qualifying Round,71042,1994,10
9309,Third Qualifying Round,71042,1994,9
9308,Second Qualifying Round,71042,1994,8
9307,First Qualifying Round,71042,1994,7
11988,Sixth Round Proper,71042,1994,6
9306,Preliminary Round,71042,1994,5
11985,Fifth Round Proper,71042,1994,4
11986,Fourth Round Proper,71042,1994,3
11989,Third Round Proper,71042,1994,2
11987,Second Round Proper,71042,1994,1
10853,Semi-Final,71257,1895,9
10855,Third Round Proper,71257,1895,8
10852,Second Round Proper,71257,1895,7
10848,First Round Proper,71257,1895,6
10849,Fourth Qualifying Round,71257,1895,5
10854,Third Qualifying Round,71257,1895,4
10851,Second Qualifying Round,71257,1895,3
10847,First Qualifying Round,71257,1895,2
10850,Preliminary Round,71257,1895,1
11447,Semi-Final,71303,1950,13
11448,Sixth Round Proper,71303,1950,12
11438,Fifth Round Proper,71303,1950,11
11443,Fourth Round Proper,71303,1950,10
11450,Third Round Proper,71303,1950,9
11446,Second Round Proper,71303,1950,8
11441,First Round Proper,71303,1950,7
11442,Fourth Qualifying Round,71303,1950,6
11449,Third Qualifying Round,71303,1950,5
11445,Second Qualifying Round,71303,1950,4
11440,First Qualifying Round,71303,1950,3
11444,Preliminary Round,71303,1950,2
11437,Extra Preliminary Round,71303,1950,1
10815,Semi-Final,71253,1891,9
10817,Third Round Proper,71253,1891,8
10814,Second Round Proper,71253,1891,7
10810,First Round Proper,71253,1891,6
10811,Fourth Qualifying Round,71253,1891,5
10816,Third Qualifying Round,71253,1891,4
10813,Second Qualifying Round,71253,1891,3
10809,First Qualifying Round,71253,1891,2
10812,Preliminary Round,71253,1891,1
11807,Semi-Final,71331,1978,12
11808,Sixth Round Proper,71331,1978,11
11798,Fifth Round Proper,71331,1978,10
11803,Fourth Round Proper,71331,1978,9
11810,Third Round Proper,71331,1978,8
11806,Second Round Proper,71331,1978,7
11801,First Round Proper,71331,1978,6
11802,Fourth Qualifying Round,71331,1978,5
11809,Third Qualifying Round,71331,1978,4
11805,Second Qualifying Round,71331,1978,3
11800,First Qualifying Round,71331,1978,2
11804,Preliminary Round,71331,1978,1
10843,Semi-Final,71256,1894,8
10845,Third Round Proper,71256,1894,7
10842,Second Round Proper,71256,1894,6
10839,First Round Proper,71256,1894,5
10840,Fourth Qualifying Round,71256,1894,4
10844,Third Qualifying Round,71256,1894,3
10841,Second Qualifying Round,71256,1894,2
10838,First Qualifying Round,71256,1894,1
11652,Semi-Final,71319,1966,11
11653,Sixth Round Proper,71319,1966,10
11644,Fifth Round Proper,71319,1966,9
11649,Fourth Round Proper,71319,1966,8
11655,Third Round Proper,71319,1966,7
11651,Second Round Proper,71319,1966,6
11647,First Round Proper,71319,1966,5
11648,Fourth Qualifying Round,71319,1966,4
11654,Third Qualifying Round,71319,1966,3
11650,Second Qualifying Round,71319,1966,2
11646,First Qualifying Round,71319,1966,1
11616,Semi-Final,71316,1963,11
11617,Sixth Round Proper,71316,1963,10
11608,Fifth Round Proper,71316,1963,9
11613,Fourth Round Proper,71316,1963,8
11619,Third Round Proper,71316,1963,7
11615,Second Round Proper,71316,1963,6
11611,First Round Proper,71316,1963,5
11612,Fourth Qualifying Round,71316,1963,4
11618,Third Qualifying Round,71316,1963,3
11614,Second Qualifying Round,71316,1963,2
11610,First Qualifying Round,71316,1963,1
10695,Final,71237,1875,5
10698,Semi-Final,71237,1875,4
10699,Third Round Proper,71237,1875,3
10697,Second Round Proper,71237,1875,2
10696,First Round Proper,71237,1875,1
11628,Semi-Final,71317,1964,11
11629,Sixth Round Proper,71317,1964,10
11620,Fifth Round Proper,71317,1964,9
11625,Fourth Round Proper,71317,1964,8
11631,Third Round Proper,71317,1964,7
11627,Second Round Proper,71317,1964,6
11623,First Round Proper,71317,1964,5
11624,Fourth Qualifying Round,71317,1964,4
11630,Third Qualifying Round,71317,1964,3
11626,Second Qualifying Round,71317,1964,2
11622,First Qualifying Round,71317,1964,1
11591,Semi-Final,71314,1961,12
11592,Sixth Round Proper,71314,1961,11
11582,Fifth Round Proper,71314,1961,10
11587,Fourth Round Proper,71314,1961,9
11594,Third Round Proper,71314,1961,8
11590,Second Round Proper,71314,1961,7
11585,First Round Proper,71314,1961,6
11586,Fourth Qualifying Round,71314,1961,5
11593,Third Qualifying Round,71314,1961,4
11589,Second Qualifying Round,71314,1961,3
11584,First Qualifying Round,71314,1961,2
11588,Preliminary Round,71314,1961,1
11604,Semi-Final,71315,1962,12
11605,Sixth Round Proper,71315,1962,11
11595,Fifth Round Proper,71315,1962,10
11600,Fourth Round Proper,71315,1962,9
11607,Third Round Proper,71315,1962,8
11603,Second Round Proper,71315,1962,7
11598,First Round Proper,71315,1962,6
11599,Fourth Qualifying Round,71315,1962,5
11606,Third Qualifying Round,71315,1962,4
11602,Second Qualifying Round,71315,1962,3
11597,First Qualifying Round,71315,1962,2
11601,Preliminary Round,71315,1962,1
11640,Semi-Final,71318,1965,11
11641,Sixth Round Proper,71318,1965,10
11632,Fifth Round Proper,71318,1965,9
11637,Fourth Round Proper,71318,1965,8
11643,Third Round Proper,71318,1965,7
11639,Second Round Proper,71318,1965,6
11635,First Round Proper,71318,1965,5
11636,Fourth Qualifying Round,71318,1965,4
11642,Third Qualifying Round,71318,1965,3
11638,Second Qualifying Round,71318,1965,2
11634,First Qualifying Round,71318,1965,1
11565,Semi-Final,71312,1959,12
11566,Sixth Round Proper,71312,1959,11
11556,Fifth Round Proper,71312,1959,10
11561,Fourth Round Proper,71312,1959,9
11568,Third Round Proper,71312,1959,8
11564,Second Round Proper,71312,1959,7
11559,First Round Proper,71312,1959,6
11560,Fourth Qualifying Round,71312,1959,5
11567,Third Qualifying Round,71312,1959,4
11563,Second Qualifying Round,71312,1959,3
11558,First Qualifying Round,71312,1959,2
11562,Preliminary Round,71312,1959,1
11539,Semi-Final,71310,1957,12
11540,Sixth Round Proper,71310,1957,11
11530,Fifth Round Proper,71310,1957,10
11535,Fourth Round Proper,71310,1957,9
11542,Third Round Proper,71310,1957,8
11538,Second Round Proper,71310,1957,7
11533,First Round Proper,71310,1957,6
11534,Fourth Qualifying Round,71310,1957,5
11541,Third Qualifying Round,71310,1957,4
11537,Second Qualifying Round,71310,1957,3
11532,First Qualifying Round,71310,1957,2
11536,Preliminary Round,71310,1957,1
10824,Semi-Final,71254,1892,8
10826,Third Round Proper,71254,1892,7
10823,Second Round Proper,71254,1892,6
10820,First Round Proper,71254,1892,5
10821,Fourth Qualifying Round,71254,1892,4
10825,Third Qualifying Round,71254,1892,3
10822,Second Qualifying Round,71254,1892,2
10819,First Qualifying Round,71254,1892,1
11552,Semi-Final,71311,1958,12
11553,Sixth Round Proper,71311,1958,11
11543,Fifth Round Proper,71311,1958,10
11548,Fourth Round Proper,71311,1958,9
11555,Third Round Proper,71311,1958,8
11551,Second Round Proper,71311,1958,7
11546,First Round Proper,71311,1958,6
11547,Fourth Qualifying Round,71311,1958,5
11554,Third Qualifying Round,71311,1958,4
11550,Second Qualifying Round,71311,1958,3
11545,First Qualifying Round,71311,1958,2
11549,Preliminary Round,71311,1958,1
10715,Semi-Final,71240,1878,5
10713,Fourth Round Proper,71240,1878,4
10716,Third Round Proper,71240,1878,3
10714,Second Round Proper,71240,1878,2
10712,First Round Proper,71240,1878,1
10805,Semi-Final,71252,1890,8
10807,Third Round Proper,71252,1890,7
10804,Second Round Proper,71252,1890,6
10801,First Round Proper,71252,1890,5
10802,Fourth Qualifying Round,71252,1890,4
10806,Third Qualifying Round,71252,1890,3
10803,Second Qualifying Round,71252,1890,2
10800,First Qualifying Round,71252,1890,1
10728,Semi-Final,71242,1880,6
10723,Fifth Round Proper,71242,1880,5
10726,Fourth Round Proper,71242,1880,4
10729,Third Round Proper,71242,1880,3
10727,Second Round Proper,71242,1880,2
10725,First Round Proper,71242,1880,1
10721,Semi-Final,71241,1879,5
10719,Fourth Round Proper,71241,1879,4
10722,Third Round Proper,71241,1879,3
10720,Second Round Proper,71241,1879,2
10718,First Round Proper,71241,1879,1
10742,Semi-Final,71244,1882,6
10737,Fifth Round Proper,71244,1882,5
10740,Fourth Round Proper,71244,1882,4
10743,Third Round Proper,71244,1882,3
10741,Second Round Proper,71244,1882,2
10739,First Round Proper,71244,1882,1
10749,Semi-Final,71245,1883,6
10744,Fifth Round Proper,71245,1883,5
10747,Fourth Round Proper,71245,1883,4
10750,Third Round Proper,71245,1883,3
10748,Second Round Proper,71245,1883,2
10746,First Round Proper,71245,1883,1
10735,Semi-Final,71243,1881,6
10730,Fifth Round Proper,71243,1881,5
10733,Fourth Round Proper,71243,1881,4
10736,Third Round Proper,71243,1881,3
10734,Second Round Proper,71243,1881,2
10732,First Round Proper,71243,1881,1
10763,Semi-Final,71247,1885,7
10764,Sixth Round Proper,71247,1885,6
10758,Fifth Round Proper,71247,1885,5
10761,Fourth Round Proper,71247,1885,4
10765,Third Round Proper,71247,1885,3
10762,Second Round Proper,71247,1885,2
10760,First Round Proper,71247,1885,1
10767,Final,71248,1886,8
10771,Semi-Final,71248,1886,7
10772,Sixth Round Proper,71248,1886,6
10766,Fifth Round Proper,71248,1886,5
10769,Fourth Round Proper,71248,1886,4
10773,Third Round Proper,71248,1886,3
10770,Second Round Proper,71248,1886,2
10768,First Round Proper,71248,1886,1
10756,Semi-Final,71246,1884,6
10751,Fifth Round Proper,71246,1884,5
10754,Fourth Round Proper,71246,1884,4
10757,Third Round Proper,71246,1884,3
10755,Second Round Proper,71246,1884,2
10753,First Round Proper,71246,1884,1
10779,Semi-Final,71249,1887,7
10780,Sixth Round Proper,71249,1887,6
10774,Fifth Round Proper,71249,1887,5
10777,Fourth Round Proper,71249,1887,4
10781,Third Round Proper,71249,1887,3
10778,Second Round Proper,71249,1887,2
10776,First Round Proper,71249,1887,1
12666,Semi Final,75721,2013,13
12665,Sixth Round Proper,75721,2013,12
12664,Fifth Round Proper,75721,2013,11
12663,Fourth Round Proper,75721,2013,10
12662,Third Round Proper,75721,2013,9
12661,Second Round Proper,75721,2013,8
12660,First Round Proper,75721,2013,7
12659,Fourth Round Qualifying,75721,2013,6
12658,Third Round Qualifying,75721,2013,5
12657,Second Round Qualifying,75721,2013,4
12656,First Round Qualifying,75721,2013,3
12655,Preliminary Round,75721,2013,2
12654,Extra Preliminary Round,75721,2013,1
10709,Semi-Final,71239,1877,5
10707,Fourth Round Proper,71239,1877,4
10710,Third Round Proper,71239,1877,3
10708,Second Round Proper,71239,1877,2
10706,First Round Proper,71239,1877,1
11110,Semi-Final,71278,1920,13
11106,Fourth Round Proper,71278,1920,12
11113,Third Round Proper,71278,1920,11
11109,Second Round Proper,71278,1920,10
11104,First Round Proper,71278,1920,9
11111,Sixth Qualifying Round,71278,1920,8
11101,Fifth Qualifying Round,71278,1920,7
11105,Fourth Qualifying Round,71278,1920,6
11112,Third Qualifying Round,71278,1920,5
11108,Second Qualifying Round,71278,1920,4
11103,First Qualifying Round,71278,1920,3
11107,Preliminary Round,71278,1920,2
11100,Extra Preliminary Round,71278,1920,1
11124,Semi-Final,71279,1921,13
11120,Fourth Round Proper,71279,1921,12
11127,Third Round Proper,71279,1921,11
11123,Second Round Proper,71279,1921,10
11118,First Round Proper,71279,1921,9
11125,Sixth Qualifying Round,71279,1921,8
11115,Fifth Qualifying Round,71279,1921,7
11119,Fourth Qualifying Round,71279,1921,6
11126,Third Qualifying Round,71279,1921,5
11122,Second Qualifying Round,71279,1921,4
11117,First Qualifying Round,71279,1921,3
11121,Preliminary Round,71279,1921,2
11114,Extra Preliminary Round,71279,1921,1
11578,Semi-Final,71313,1960,12
11579,Sixth Round Proper,71313,1960,11
11569,Fifth Round Proper,71313,1960,10
11574,Fourth Round Proper,71313,1960,9
11581,Third Round Proper,71313,1960,8
11577,Second Round Proper,71313,1960,7
11572,First Round Proper,71313,1960,6
11573,Fourth Qualifying Round,71313,1960,5
11580,Third Qualifying Round,71313,1960,4
11576,Second Qualifying Round,71313,1960,3
11571,First Qualifying Round,71313,1960,2
11575,Preliminary Round,71313,1960,1
12161,Semi Final,75388,2009,13
12160,Sixth Round Proper,75388,2009,12
12159,Fifth Round Proper,75388,2009,11
12158,Fourth Round Proper,75388,2009,10
12157,Third Round Proper,75388,2009,9
12156,Second Round Proper,75388,2009,8
12155,First Round Proper,75388,2009,7
12154,Fourth Round Qualifying,75388,2009,6
12153,Third Round Qualifying,75388,2009,5
12152,Second Round Qualifying,75388,2009,4
12151,First Round Qualifying,75388,2009,3
12150,Preliminary Round,75388,2009,2
12149,Extra Preliminary Round,75388,2009,1
10834,Semi-Final,71255,1893,9
10836,Third Round Proper,71255,1893,8
10833,Second Round Proper,71255,1893,7
10829,First Round Proper,71255,1893,6
10830,Fourth Qualifying Round,71255,1893,5
10835,Third Qualifying Round,71255,1893,4
10832,Second Qualifying Round,71255,1893,3
10828,First Qualifying Round,71255,1893,2
10831,Preliminary Round,71255,1893,1
11070,Semi-Final,71275,1913,12
11066,Fourth Round Proper,71275,1913,11
11072,Third Round Proper,71275,1913,10
11069,Second Round Proper,71275,1913,9
11064,First Round Proper,71275,1913,8
11061,Fifth Qualifying Round,71275,1913,7
11065,Fourth Qualifying Round,71275,1913,6
11071,Third Qualifying Round,71275,1913,5
11068,Second Qualifying Round,71275,1913,4
11063,First Qualifying Round,71275,1913,3
11067,Preliminary Round,71275,1913,2
11060,Extra Preliminary Round,71275,1913,1
11005,Semi-Final,71270,1908,11
11001,Fourth Round Proper,71270,1908,10
11007,Third Round Proper,71270,1908,9
11004,Second Round Proper,71270,1908,8
10999,First Round Proper,71270,1908,7
10996,Fifth Qualifying Round,71270,1908,6
11000,Fourth Qualifying Round,71270,1908,5
11006,Third Qualifying Round,71270,1908,4
11003,Second Qualifying Round,71270,1908,3
10998,First Qualifying Round,71270,1908,2
11002,Preliminary Round,71270,1908,1
11194,Semi-Final,71284,1926,13
11195,Sixth Round Proper,71284,1926,12
11185,Fifth Round Proper,71284,1926,11
11190,Fourth Round Proper,71284,1926,10
11197,Third Round Proper,71284,1926,9
11193,Second Round Proper,71284,1926,8
11188,First Round Proper,71284,1926,7
11189,Fourth Qualifying Round,71284,1926,6
11196,Third Qualifying Round,71284,1926,5
11192,Second Qualifying Round,71284,1926,4
11187,First Qualifying Round,71284,1926,3
11191,Preliminary Round,71284,1926,2
11184,Extra Preliminary Round,71284,1926,1
11023,Final,71272,1910,13
11031,Semi-Final,71272,1910,12
11027,Fourth Round Proper,71272,1910,11
11033,Third Round Proper,71272,1910,10
11030,Second Round Proper,71272,1910,9
11025,First Round Proper,71272,1910,8
11022,Fifth Qualifying Round,71272,1910,7
11026,Fourth Qualifying Round,71272,1910,6
11032,Third Qualifying Round,71272,1910,5
11029,Second Qualifying Round,71272,1910,4
11024,First Qualifying Round,71272,1910,3
11028,Preliminary Round,71272,1910,2
11021,Extra Preliminary Round,71272,1910,1
11036,Final,71273,1911,13
11044,Semi-Final,71273,1911,12
11040,Fourth Round Proper,71273,1911,11
11046,Third Round Proper,71273,1911,10
11043,Second Round Proper,71273,1911,9
11038,First Round Proper,71273,1911,8
11035,Fifth Qualifying Round,71273,1911,7
11039,Fourth Qualifying Round,71273,1911,6
11045,Third Qualifying Round,71273,1911,5
11042,Second Qualifying Round,71273,1911,4
11037,First Qualifying Round,71273,1911,3
11041,Preliminary Round,71273,1911,2
11034,Extra Preliminary Round,71273,1911,1
11018,Semi-Final,71271,1909,12
11014,Fourth Round Proper,71271,1909,11
11020,Third Round Proper,71271,1909,10
11017,Second Round Proper,71271,1909,9
11012,First Round Proper,71271,1909,8
11009,Fifth Qualifying Round,71271,1909,7
11013,Fourth Qualifying Round,71271,1909,6
11019,Third Qualifying Round,71271,1909,5
11016,Second Qualifying Round,71271,1909,4
11011,First Qualifying Round,71271,1909,3
11015,Preliminary Round,71271,1909,2
11008,Extra Preliminary Round,71271,1909,1
11083,Semi-Final,71276,1914,12
11079,Fourth Round Proper,71276,1914,11
11085,Third Round Proper,71276,1914,10
11082,Second Round Proper,71276,1914,9
11077,First Round Proper,71276,1914,8
11074,Fifth Qualifying Round,71276,1914,7
11078,Fourth Qualifying Round,71276,1914,6
11084,Third Qualifying Round,71276,1914,5
11081,Second Qualifying Round,71276,1914,4
11076,First Qualifying Round,71276,1914,3
11080,Preliminary Round,71276,1914,2
11073,Extra Preliminary Round,71276,1914,1
12241,Semi Final,75425,2010,13
12240,Sixth Round Proper,75425,2010,12
12239,Fifth Round Proper,75425,2010,11
12238,Fourth Round Proper,75425,2010,10
12237,Third Round Proper,75425,2010,9
12236,Second Round Proper,75425,2010,8
12235,First Round Proper,75425,2010,7
12234,Fourth Round Qualifying,75425,2010,6
12233,Third Round Qualifying,75425,2010,5
12232,Second Round Qualifying,75425,2010,4
12231,First Round Qualifying,75425,2010,3
12230,Preliminary Round,75425,2010,2
12229,Extra Preliminary Round,75425,2010,1
11955,Final,71343,1990,13
11963,Semi-Final,71343,1990,12
11964,Sixth Round Proper,71343,1990,11
11954,Fifth Round Proper,71343,1990,10
11959,Fourth Round Proper,71343,1990,9
11966,Third Round Proper,71343,1990,8
11962,Second Round Proper,71343,1990,7
11957,First Round Proper,71343,1990,6
11958,Fourth Qualifying Round,71343,1990,5
11965,Third Qualifying Round,71343,1990,4
11961,Second Qualifying Round,71343,1990,3
11956,First Qualifying Round,71343,1990,2
11960,Preliminary Round,71343,1990,1
11976,Semi-Final,71344,1991,12
11977,Sixth Round Proper,71344,1991,11
11967,Fifth Round Proper,71344,1991,10
11972,Fourth Round Proper,71344,1991,9
11979,Third Round Proper,71344,1991,8
11975,Second Round Proper,71344,1991,7
11970,First Round Proper,71344,1991,6
11971,Fourth Qualifying Round,71344,1991,5
11978,Third Qualifying Round,71344,1991,4
11974,Second Qualifying Round,71344,1991,3
11969,First Qualifying Round,71344,1991,2
11973,Preliminary Round,71344,1991,1
11950,Semi-Final,71342,1989,12
11951,Sixth Round Proper,71342,1989,11
11941,Fifth Round Proper,71342,1989,10
11946,Fourth Round Proper,71342,1989,9
11953,Third Round Proper,71342,1989,8
11949,Second Round Proper,71342,1989,7
11944,First Round Proper,71342,1989,6
11945,Fourth Qualifying Round,71342,1989,5
11952,Third Qualifying Round,71342,1989,4
11948,Second Qualifying Round,71342,1989,3
11943,First Qualifying Round,71342,1989,2
11947,Preliminary Round,71342,1989,1
10956,Semi-Final,71266,1904,12
10958,Third Round Proper,71266,1904,11
10955,Second Round Proper,71266,1904,10
10950,First Round Proper,71266,1904,9
10952,Intermediate Round,71266,1904,8
10947,Fifth Qualifying Round,71266,1904,7
10951,Fourth Qualifying Round,71266,1904,6
10957,Third Qualifying Round,71266,1904,5
10954,Second Qualifying Round,71266,1904,4
10949,First Qualifying Round,71266,1904,3
10953,Preliminary Round,71266,1904,2
10946,Extra Preliminary Round,71266,1904,1
10993,Semi-Final,71269,1907,11
10989,Fourth Round Proper,71269,1907,10
10995,Third Round Proper,71269,1907,9
10992,Second Round Proper,71269,1907,8
10987,First Round Proper,71269,1907,7
10984,Fifth Qualifying Round,71269,1907,6
10988,Fourth Qualifying Round,71269,1907,5
10994,Third Qualifying Round,71269,1907,4
10991,Second Qualifying Round,71269,1907,3
10986,First Qualifying Round,71269,1907,2
10990,Preliminary Round,71269,1907,1
11096,Semi-Final,71277,1915,13
11092,Fourth Round Proper,71277,1915,12
11099,Third Round Proper,71277,1915,11
11095,Second Round Proper,71277,1915,10
11090,First Round Proper,71277,1915,9
11097,Sixth Qualifying Round,71277,1915,8
11087,Fifth Qualifying Round,71277,1915,7
11091,Fourth Qualifying Round,71277,1915,6
11098,Third Qualifying Round,71277,1915,5
11094,Second Qualifying Round,71277,1915,4
11089,First Qualifying Round,71277,1915,3
11093,Preliminary Round,71277,1915,2
11086,Extra Preliminary Round,71277,1915,1
11049,Final,71274,1912,13
11057,Semi-Final,71274,1912,12
11053,Fourth Round Proper,71274,1912,11
11059,Third Round Proper,71274,1912,10
11056,Second Round Proper,71274,1912,9
11051,First Round Proper,71274,1912,8
11048,Fifth Qualifying Round,71274,1912,7
11052,Fourth Qualifying Round,71274,1912,6
11058,Third Qualifying Round,71274,1912,5
11055,Second Qualifying Round,71274,1912,4
11050,First Qualifying Round,71274,1912,3
11054,Preliminary Round,71274,1912,2
11047,Extra Preliminary Round,71274,1912,1
10969,Semi-Final,71267,1905,13
10972,Third Round Proper,71267,1905,12
10968,Second Round Proper,71267,1905,11
10963,First Round Proper,71267,1905,10
10970,Sixth Qualifying Round,71267,1905,9
10965,Intermediate Round,71267,1905,8
10960,Fifth Qualifying Round,71267,1905,7
10964,Fourth Qualifying Round,71267,1905,6
10971,Third Qualifying Round,71267,1905,5
10967,Second Qualifying Round,71267,1905,4
10962,First Qualifying Round,71267,1905,3
10966,Preliminary Round,71267,1905,2
10959,Extra Preliminary Round,71267,1905,1
10943,Semi-Final,71265,1903,11
10945,Third Round Proper,71265,1903,10
10942,Second Round Proper,71265,1903,9
10937,First Round Proper,71265,1903,8
10939,Intermediate Round,71265,1903,7
10934,Fifth Qualifying Round,71265,1903,6
10938,Fourth Qualifying Round,71265,1903,5
10944,Third Qualifying Round,71265,1903,4
10941,Second Qualifying Round,71265,1903,3
10936,First Qualifying Round,71265,1903,2
10940,Preliminary Round,71265,1903,1
10907,Semi-Final,71262,1900,10
10909,Third Round Proper,71262,1900,9
10906,Second Round Proper,71262,1900,8
10902,First Round Proper,71262,1900,7
10899,Fifth Qualifying Round,71262,1900,6
10903,Fourth Qualifying Round,71262,1900,5
10908,Third Qualifying Round,71262,1900,4
10905,Second Qualifying Round,71262,1900,3
10901,First Qualifying Round,71262,1900,2
10904,Preliminary Round,71262,1900,1
10981,Semi-Final,71268,1906,10
10977,Fourth Round Proper,71268,1906,9
10983,Third Round Proper,71268,1906,8
10980,Second Round Proper,71268,1906,7
10975,First Round Proper,71268,1906,6
10976,Fourth Qualifying Round,71268,1906,5
10982,Third Qualifying Round,71268,1906,4
10979,Second Qualifying Round,71268,1906,3
10974,First Qualifying Round,71268,1906,2
10978,Preliminary Round,71268,1906,1
10896,Semi-Final,71261,1899,10
10898,Third Round Proper,71261,1899,9
10895,Second Round Proper,71261,1899,8
10891,First Round Proper,71261,1899,7
10888,Fifth Qualifying Round,71261,1899,6
10892,Fourth Qualifying Round,71261,1899,5
10897,Third Qualifying Round,71261,1899,4
10894,Second Qualifying Round,71261,1899,3
10890,First Qualifying Round,71261,1899,2
10893,Preliminary Round,71261,1899,1
10885,Semi-Final,71260,1898,10
10887,Third Round Proper,71260,1898,9
10884,Second Round Proper,71260,1898,8
10880,First Round Proper,71260,1898,7
10877,Fifth Qualifying Round,71260,1898,6
10881,Fourth Qualifying Round,71260,1898,5
10886,Third Qualifying Round,71260,1898,4
10883,Second Qualifying Round,71260,1898,3
10879,First Qualifying Round,71260,1898,2
10882,Preliminary Round,71260,1898,1
12078,Semi Final,75152,2008,13
12077,Sixth Round Proper,75152,2008,12
12076,Fifth Round Proper,75152,2008,11
12075,Fourth Round Proper,75152,2008,10
12074,Third Round Proper,75152,2008,9
12073,Second Round Proper,75152,2008,8
12072,First Round Proper,75152,2008,7
12071,Fourth Round Qualifying,75152,2008,6
12070,Third Round Qualifying,75152,2008,5
12069,Second Round Qualifying,75152,2008,4
12068,First Round Qualifying,75152,2008,3
12067,Preliminary Round,75152,2008,2
12066,Extra Preliminary Round,75152,2008,1
11937,Semi-Final,71341,1988,12
11938,Sixth Round Proper,71341,1988,11
11928,Fifth Round Proper,71341,1988,10
11933,Fourth Round Proper,71341,1988,9
11940,Third Round Proper,71341,1988,8
11936,Second Round Proper,71341,1988,7
11931,First Round Proper,71341,1988,6
11932,Fourth Qualifying Round,71341,1988,5
11939,Third Qualifying Round,71341,1988,4
11935,Second Qualifying Round,71341,1988,3
11930,First Qualifying Round,71341,1988,2
11934,Preliminary Round,71341,1988,1
11924,Semi-Final,71340,1987,12
11925,Sixth Round Proper,71340,1987,11
11915,Fifth Round Proper,71340,1987,10
11920,Fourth Round Proper,71340,1987,9
11927,Third Round Proper,71340,1987,8
11923,Second Round Proper,71340,1987,7
11918,First Round Proper,71340,1987,6
11919,Fourth Qualifying Round,71340,1987,5
11926,Third Qualifying Round,71340,1987,4
11922,Second Qualifying Round,71340,1987,3
11917,First Qualifying Round,71340,1987,2
11921,Preliminary Round,71340,1987,1
10911,Final,71263,1901,12
10919,Semi-Final,71263,1901,11
10921,Third Round Proper,71263,1901,10
10918,Second Round Proper,71263,1901,9
10913,First Round Proper,71263,1901,8
10915,Intermediate Round,71263,1901,7
10910,Fifth Qualifying Round,71263,1901,6
10914,Fourth Qualifying Round,71263,1901,5
10920,Third Qualifying Round,71263,1901,4
10917,Second Qualifying Round,71263,1901,3
10912,First Qualifying Round,71263,1901,2
10916,Preliminary Round,71263,1901,1
10923,Final,71264,1902,12
10931,Semi-Final,71264,1902,11
10933,Third Round Proper,71264,1902,10
10930,Second Round Proper,71264,1902,9
10925,First Round Proper,71264,1902,8
10927,Intermediate Round,71264,1902,7
10922,Fifth Qualifying Round,71264,1902,6
10926,Fourth Qualifying Round,71264,1902,5
10932,Third Qualifying Round,71264,1902,4
10929,Second Qualifying Round,71264,1902,3
10924,First Qualifying Round,71264,1902,2
10928,Preliminary Round,71264,1902,1
