year,pos,league,team,round,stage
1952,12,BIRMINGHAM AND DISTRICT LEAGUE,BRUSH SPORTS,FIRST ROUND PROPER,8
1952,16,CENTRAL ALLIANCE,BRUSH SPORTS,FIRST ROUND PROPER,8
1952,19,CHESHIRE COUNTY LEAGUE,BUXTON,FIRST ROUND PROPER,8
1952,13,MANCHESTER LEAGUE,BUXTON,FIRST ROUND PROPER,8
1952,3,LONDON LEAGUE - PREMIER DIVISION,GUILDFORD CITY,FIRST ROUND PROPER,8
1952,4,SOUTHERN LEAGUE,GUILDFORD CITY,FIRST ROUND PROPER,8
1952,2,METROPOLITAN AND DISTRICT LEAGUE,TONBRIDGE ANGELS,FIRST ROUND PROPER,8
1952,16,SOUTHERN LEAGUE,TONBRIDGE ANGELS,FIRST ROUND PROPER,8
1952,11,MIDLAND COUNTIES LEAGUE,GOOLE TOWN,FIRST ROUND PROPER,8
1952,4,YORKSHIRE LEAGUE - FIRST DIVISION,GOOLE TOWN,FIRST ROUND PROPER,8
1952,2,SOUTHERN LEAGUE,WEYMOUTH,FIRST ROUND PROPER,8
1952,4,WESTERN LEAGUE - DIVISION 1,WEYMOUTH,FIRST ROUND PROPER,8
1953,8,LANCASHIRE COMBINATION - FIRST DIVISION,ASHTON UNITED,FIRST ROUND PROPER,8
1953,12,MANCHESTER LEAGUE,ASHTON UNITED,FIRST ROUND PROPER,8
1953,1,METROPOLITAN AND DISTRICT LEAGUE,TONBRIDGE ANGELS,FIRST ROUND PROPER,8
1953,16,SOUTHERN LEAGUE,TONBRIDGE ANGELS,FIRST ROUND PROPER,8
1953,14,SOUTHERN LEAGUE,WEYMOUTH,FIRST ROUND PROPER,8
1953,6,WESTERN LEAGUE - DIVISION 1,WEYMOUTH,FIRST ROUND PROPER,8
1954,1,METROPOLITAN LEAGUE,HEADINGTON UNITED,FIRST ROUND PROPER,8
1954,2,SOUTHERN LEAGUE,HEADINGTON UNITED,FIRST ROUND PROPER,8
1954,2,METROPOLITAN LEAGUE,HASTINGS UNITED,FIRST ROUND PROPER,8
1954,10,SOUTHERN LEAGUE,HASTINGS UNITED,FIRST ROUND PROPER,8
1954,6,METROPOLITAN LEAGUE,GUILDFORD CITY,FIRST ROUND PROPER,8
1954,14,SOUTHERN LEAGUE,GUILDFORD CITY,FIRST ROUND PROPER,8
1954,19,MIDLAND COUNTIES LEAGUE,SCARBOROUGH,FIRST ROUND PROPER,8
1954,9,YORKSHIRE LEAGUE - FIRST DIVISION,SCARBOROUGH,FIRST ROUND PROPER,8
1954,4,SOUTHERN LEAGUE,BATH CITY,FIRST ROUND PROPER,8
1954,15,WESTERN LEAGUE - DIVISION 1,BATH CITY,FIRST ROUND PROPER,8
1954,6,SOUTHERN LEAGUE,WEYMOUTH,FIRST ROUND PROPER,8
1954,1,WESTERN LEAGUE - DIVISION 1,WEYMOUTH,FIRST ROUND PROPER,8
1955,8,METROPOLITAN LEAGUE,HASTINGS UNITED,FIRST ROUND PROPER,8
1955,3,SOUTHERN LEAGUE,HASTINGS UNITED,FIRST ROUND PROPER,8
1955,12,METROPOLITAN LEAGUE,HEADINGTON UNITED,FIRST ROUND PROPER,8
1955,10,SOUTHERN LEAGUE,HEADINGTON UNITED,FIRST ROUND PROPER,8
1955,22,MIDLAND COUNTIES LEAGUE,SCARBOROUGH,FIRST ROUND PROPER,8
1955,16,YORKSHIRE LEAGUE - FIRST DIVISION,SCARBOROUGH,FIRST ROUND PROPER,8
1956,1,EASTERN COUNTIES LEAGUE,PETERBOROUGH UNITED,FIRST ROUND PROPER,8
1956,1,MIDLAND COUNTIES LEAGUE,PETERBOROUGH UNITED,FIRST ROUND PROPER,8
1956,1,METROPOLITAN LEAGUE,HASTINGS UNITED,FIRST ROUND PROPER,8
1956,14,SOUTHERN LEAGUE,HASTINGS UNITED,FIRST ROUND PROPER,8
1956,5,METROPOLITAN LEAGUE,BEDFORD TOWN,FIRST ROUND PROPER,8
1956,4,SOUTHERN LEAGUE,BEDFORD TOWN,FIRST ROUND PROPER,8
1956,3,SOUTHERN LEAGUE,YEOVIL TOWN,FIRST ROUND PROPER,8
1956,11,WESTERN LEAGUE - DIVISION 1,YEOVIL TOWN,FIRST ROUND PROPER,8
1956,6,SOUTHERN LEAGUE,WEYMOUTH,FIRST ROUND PROPER,8
1956,9,WESTERN LEAGUE - DIVISION 1,WEYMOUTH,FIRST ROUND PROPER,8
1957,4,BIRMINGHAM AND DISTRICT LEAGUE - DIVISION 1,BURTON ALBION,FIRST ROUND PROPER,8
1957,4,LEICESTERSHIRE SENIOR LEAGUE - DIVISION 1,BURTON ALBION,FIRST ROUND PROPER,8
1957,4,EASTERN COUNTIES LEAGUE,PETERBOROUGH UNITED,FIRST ROUND PROPER,8
1957,1,MIDLAND COUNTIES LEAGUE,PETERBOROUGH UNITED,FIRST ROUND PROPER,8
1957,3,HELLENIC LEAGUE,DUNSTABLE TOWN,FIRST ROUND PROPER,8
1957,13,METROPOLITAN LEAGUE,DUNSTABLE TOWN,FIRST ROUND PROPER,8
1957,2,METROPOLITAN LEAGUE,BEDFORD TOWN,FIRST ROUND PROPER,8
1957,2,SOUTHERN LEAGUE,BEDFORD TOWN,FIRST ROUND PROPER,8
1957,4,METROPOLITAN LEAGUE,HASTINGS UNITED,FIRST ROUND PROPER,8
1957,11,SOUTHERN LEAGUE,HASTINGS UNITED,FIRST ROUND PROPER,8
1957,10,METROPOLITAN LEAGUE,GUILDFORD CITY,FIRST ROUND PROPER,8
1957,7,SOUTHERN LEAGUE,GUILDFORD CITY,FIRST ROUND PROPER,8
1957,3,SOUTHERN LEAGUE,WEYMOUTH,FIRST ROUND PROPER,8
1957,12,WESTERN LEAGUE - DIVISION 1,WEYMOUTH,FIRST ROUND PROPER,8
1957,16,SOUTHERN LEAGUE,YEOVIL TOWN,FIRST ROUND PROPER,8
1957,9,WESTERN LEAGUE - DIVISION 1,YEOVIL TOWN,FIRST ROUND PROPER,8
1958,9,EAST ANGLIAN LEAGUE - DIVISION 1,GORLESTON,FIRST ROUND PROPER,8
1958,15,EASTERN COUNTIES LEAGUE,GORLESTON,FIRST ROUND PROPER,8
1958,4,EASTERN COUNTIES LEAGUE,PETERBOROUGH UNITED,FIRST ROUND PROPER,8
1958,1,MIDLAND COUNTIES LEAGUE,PETERBOROUGH UNITED,FIRST ROUND PROPER,8
1958,12,METROPOLITAN LEAGUE,GUILDFORD CITY,FIRST ROUND PROPER,8
1958,17,SOUTHERN LEAGUE,GUILDFORD CITY,FIRST ROUND PROPER,8
1958,10,MIDLAND COUNTIES LEAGUE,FRICKLEY COLLIERY,FIRST ROUND PROPER,8
1958,11,YORKSHIRE LEAGUE - FIRST DIVISION,FRICKLEY COLLIERY,FIRST ROUND PROPER,8
1958,13,SOUTHERN LEAGUE,YEOVIL TOWN,FIRST ROUND PROPER,8
1958,17,WESTERN LEAGUE - DIVISION 1,YEOVIL TOWN,FIRST ROUND PROPER,8
1959,5,CENTRAL ALLIANCE - DIVISION 1 SOUTH,KETTERING TOWN,FIRST ROUND PROPER,8
1959,2,SOUTHERN LEAGUE - NORTH WEST SECTION,KETTERING TOWN,FIRST ROUND PROPER,8
1959,5,EASTERN COUNTIES LEAGUE,PETERBOROUGH UNITED,FIRST ROUND PROPER,8
1959,1,MIDLAND COUNTIES LEAGUE,PETERBOROUGH UNITED,FIRST ROUND PROPER,8
1959,13,EASTERN COUNTIES LEAGUE,CHELMSFORD CITY,FIRST ROUND PROPER,8
1959,6,SOUTHERN LEAGUE - SOUTH EAST SECTION,CHELMSFORD CITY,FIRST ROUND PROPER,8
1959,8,HELLENIC LEAGUE,HEADINGTON UNITED,FIRST ROUND PROPER,8
1959,9,METROPOLITAN LEAGUE,HEADINGTON UNITED,FIRST ROUND PROPER,8
1959,10,SOUTHERN LEAGUE - NORTH WEST SECTION,HEADINGTON UNITED,FIRST ROUND PROPER,8
1959,10,METROPOLITAN LEAGUE,GUILDFORD CITY,FIRST ROUND PROPER,8
1959,15,SOUTHERN LEAGUE - SOUTH EAST SECTION,GUILDFORD CITY,FIRST ROUND PROPER,8
1959,4,SOUTHERN LEAGUE - SOUTH EAST SECTION,YEOVIL TOWN,FIRST ROUND PROPER,8
1959,1,WESTERN LEAGUE - DIVISION 1,YEOVIL TOWN,FIRST ROUND PROPER,8
1959,5,SOUTHERN LEAGUE - SOUTH EAST SECTION,WEYMOUTH,FIRST ROUND PROPER,8
1959,9,WESTERN LEAGUE - DIVISION 1,WEYMOUTH,FIRST ROUND PROPER,8
1960,6,CENTRAL ALLIANCE - DIVISION 1 SOUTH,KETTERING TOWN,FIRST ROUND PROPER,8
1960,22,SOUTHERN LEAGUE - PREMIER DIVISION,KETTERING TOWN,FIRST ROUND PROPER,8
1960,2,EASTERN COUNTIES LEAGUE,CHELMSFORD CITY,FIRST ROUND PROPER,8
1960,6,SOUTHERN LEAGUE - PREMIER DIVISION,CHELMSFORD CITY,FIRST ROUND PROPER,8
1960,6,EASTERN COUNTIES LEAGUE,PETERBOROUGH UNITED,FIRST ROUND PROPER,8
1960,1,MIDLAND COUNTIES LEAGUE,PETERBOROUGH UNITED,FIRST ROUND PROPER,8
1960,12,EASTERN COUNTIES LEAGUE,KING'S LYNN,FIRST ROUND PROPER,8
1960,8,SOUTHERN LEAGUE - PREMIER DIVISION,KING'S LYNN,FIRST ROUND PROPER,8
1960,7,HELLENIC LEAGUE - PREMIER DIVISION,HEADINGTON UNITED,FIRST ROUND PROPER,8
1960,8,METROPOLITAN LEAGUE,HEADINGTON UNITED,FIRST ROUND PROPER,8
1960,2,SOUTHERN LEAGUE - PREMIER DIVISION,HEADINGTON UNITED,FIRST ROUND PROPER,8
1960,6,METROPOLITAN LEAGUE,BEDFORD TOWN,FIRST ROUND PROPER,8
1960,7,SOUTHERN LEAGUE - PREMIER DIVISION,BEDFORD TOWN,FIRST ROUND PROPER,8
1960,17,METROPOLITAN LEAGUE,HASTINGS UNITED,FIRST ROUND PROPER,8
1960,14,SOUTHERN LEAGUE - PREMIER DIVISION,HASTINGS UNITED,FIRST ROUND PROPER,8
1960,13,MIDLAND COUNTIES LEAGUE,SCARBOROUGH,FIRST ROUND PROPER,8
1960,7,YORKSHIRE LEAGUE - FIRST DIVISION,SCARBOROUGH,FIRST ROUND PROPER,8
1960,1,SOUTHERN LEAGUE - PREMIER DIVISION,BATH CITY,FIRST ROUND PROPER,8
1960,8,WESTERN LEAGUE - DIVISION 1,BATH CITY,FIRST ROUND PROPER,8
1961,13,BIRMINGHAM AND DISTRICT LEAGUE,SUTTON TOWN,FIRST ROUND PROPER,8
1961,2,CENTRAL ALLIANCE - DIVISION 1 NORTH,SUTTON TOWN,FIRST ROUND PROPER,8
1961,5,EASTERN COUNTIES LEAGUE,CHELMSFORD CITY,FIRST ROUND PROPER,8
1961,2,SOUTHERN LEAGUE - PREMIER DIVISION,CHELMSFORD CITY,FIRST ROUND PROPER,8
1961,14,EASTERN COUNTIES LEAGUE,ROMFORD,FIRST ROUND PROPER,8
1961,14,SOUTHERN LEAGUE - PREMIER DIVISION,ROMFORD,FIRST ROUND PROPER,8
1961,15,EASTERN COUNTIES LEAGUE,KING'S LYNN,FIRST ROUND PROPER,8
1961,11,SOUTHERN LEAGUE - PREMIER DIVISION,KING'S LYNN,FIRST ROUND PROPER,8
1961,4,HELLENIC LEAGUE - PREMIER DIVISION,OXFORD UNITED,FIRST ROUND PROPER,8
1961,5,METROPOLITAN LEAGUE,OXFORD UNITED,FIRST ROUND PROPER,8
1961,1,SOUTHERN LEAGUE - PREMIER DIVISION,OXFORD UNITED,FIRST ROUND PROPER,8
1961,11,METROPOLITAN LEAGUE,HASTINGS UNITED,FIRST ROUND PROPER,8
1961,20,SOUTHERN LEAGUE - PREMIER DIVISION,HASTINGS UNITED,FIRST ROUND PROPER,8
1961,3,NORTHERN COUNTIES LEAGUE CUP,BLYTH SPARTANS,FIRST ROUND PROPER,8
1961,3,NORTHERN COUNTIES LEAGUE,BLYTH SPARTANS,FIRST ROUND PROPER,8
1961,5,NORTHERN COUNTIES LEAGUE CUP,GATESHEAD,FIRST ROUND PROPER,8
1961,4,NORTHERN COUNTIES LEAGUE,GATESHEAD,FIRST ROUND PROPER,8
1961,6,NORTHERN COUNTIES LEAGUE CUP,SCARBOROUGH,FIRST ROUND PROPER,8
1961,5,NORTHERN COUNTIES LEAGUE,SCARBOROUGH,FIRST ROUND PROPER,8
1961,8,YORKSHIRE LEAGUE - FIRST DIVISION,SCARBOROUGH,FIRST ROUND PROPER,8
1961,3,SOUTHERN LEAGUE - PREMIER DIVISION,YEOVIL TOWN,FIRST ROUND PROPER,8
1961,11,WESTERN LEAGUE,YEOVIL TOWN,FIRST ROUND PROPER,8
1961,5,SOUTHERN LEAGUE - PREMIER DIVISION,WEYMOUTH,FIRST ROUND PROPER,8
1961,7,WESTERN LEAGUE,WEYMOUTH,FIRST ROUND PROPER,8
1961,6,SOUTHERN LEAGUE - PREMIER DIVISION,BATH CITY,FIRST ROUND PROPER,8
1961,14,WESTERN LEAGUE,BATH CITY,FIRST ROUND PROPER,8
1962,3,EASTERN COUNTIES LEAGUE,KING'S LYNN,FIRST ROUND PROPER,8
1962,20,SOUTHERN LEAGUE - PREMIER DIVISION,KING'S LYNN,FIRST ROUND PROPER,8
1962,11,EASTERN COUNTIES LEAGUE,ROMFORD,FIRST ROUND PROPER,8
1962,11,SOUTHERN LEAGUE - PREMIER DIVISION,ROMFORD,FIRST ROUND PROPER,8
1962,12,EASTERN COUNTIES LEAGUE,CHELMSFORD CITY,FIRST ROUND PROPER,8
1962,5,SOUTHERN LEAGUE - PREMIER DIVISION,CHELMSFORD CITY,FIRST ROUND PROPER,8
1962,7,HELLENIC LEAGUE - PREMIER DIVISION,OXFORD UNITED,FIRST ROUND PROPER,8
1962,7,METROPOLITAN LEAGUE,OXFORD UNITED,FIRST ROUND PROPER,8
1962,1,SOUTHERN LEAGUE - PREMIER DIVISION,OXFORD UNITED,FIRST ROUND PROPER,8
1962,1,METROPOLITAN LEAGUE,DARTFORD,FIRST ROUND PROPER,8
1962,3,SOUTHERN LEAGUE - FIRST DIVISION,DARTFORD,FIRST ROUND PROPER,8
1962,1,NORTHERN COUNTIES LEAGUE CUP,SOUTH SHIELDS,FIRST ROUND PROPER,8
1962,2,NORTHERN COUNTIES LEAGUE,SOUTH SHIELDS,FIRST ROUND PROPER,8
1962,6,NORTHERN COUNTIES LEAGUE CUP,ASHINGTON,FIRST ROUND PROPER,8
1962,3,NORTHERN COUNTIES LEAGUE,ASHINGTON,FIRST ROUND PROPER,8
1962,8,NORTHERN COUNTIES LEAGUE CUP,GATESHEAD,FIRST ROUND PROPER,8
1962,5,NORTHERN COUNTIES LEAGUE,GATESHEAD,FIRST ROUND PROPER,8
1962,13,NORTHERN COUNTIES LEAGUE CUP,BLYTH SPARTANS,FIRST ROUND PROPER,8
1962,9,NORTHERN COUNTIES LEAGUE,BLYTH SPARTANS,FIRST ROUND PROPER,8
1962,4,SOUTHERN LEAGUE - PREMIER DIVISION,YEOVIL TOWN,FIRST ROUND PROPER,8
1962,15,WESTERN LEAGUE,YEOVIL TOWN,FIRST ROUND PROPER,8
1962,6,SOUTHERN LEAGUE - PREMIER DIVISION,WEYMOUTH,FIRST ROUND PROPER,8
1962,12,WESTERN LEAGUE,WEYMOUTH,FIRST ROUND PROPER,8
1963,2,CHESHIRE COUNTY LEAGUE,BUXTON,FIRST ROUND PROPER,8
1963,10,MANCHESTER LEAGUE - DIVISION 1,BUXTON,FIRST ROUND PROPER,8
1963,7,CHESHIRE COUNTY LEAGUE,WIGAN ATHLETIC,FIRST ROUND PROPER,8
1963,9,MANCHESTER LEAGUE - DIVISION 1,WIGAN ATHLETIC,FIRST ROUND PROPER,8
1963,18,CHESHIRE COUNTY LEAGUE,WELLINGTON,FIRST ROUND PROPER,8
1963,6,SOUTHERN LEAGUE - PREMIER DIVISION,WELLINGTON,FIRST ROUND PROPER,8
1963,2,EASTERN COUNTIES LEAGUE,CHELMSFORD CITY,FIRST ROUND PROPER,8
1963,8,SOUTHERN LEAGUE - PREMIER DIVISION,CHELMSFORD CITY,FIRST ROUND PROPER,8
1963,5,EASTERN COUNTIES LEAGUE,KING'S LYNN,FIRST ROUND PROPER,8
1963,8,SOUTHERN LEAGUE - FIRST DIVISION,KING'S LYNN,FIRST ROUND PROPER,8
1963,2,LINCOLNSHIRE LEAGUE,BOSTON UNITED,FIRST ROUND PROPER,8
1963,6,MIDLAND COUNTIES LEAGUE,BOSTON UNITED,FIRST ROUND PROPER,8
1963,4,METROPOLITAN LEAGUE,BEDFORD TOWN,FIRST ROUND PROPER,8
1963,9,SOUTHERN LEAGUE - PREMIER DIVISION,BEDFORD TOWN,FIRST ROUND PROPER,8
1963,8,METROPOLITAN LEAGUE,DARTFORD,FIRST ROUND PROPER,8
1963,7,SOUTHERN LEAGUE - PREMIER DIVISION,DARTFORD,FIRST ROUND PROPER,8
1963,1,NORTH EASTERN LEAGUE CUP,SCARBOROUGH,FIRST ROUND PROPER,8
1963,9,YORKSHIRE LEAGUE - FIRST DIVISION,SCARBOROUGH,FIRST ROUND PROPER,8
1963,11,SOUTHERN LEAGUE - PREMIER DIVISION,YEOVIL TOWN,FIRST ROUND PROPER,8
1963,9,WESTERN LEAGUE,YEOVIL TOWN,FIRST ROUND PROPER,8
1963,19,SOUTHERN LEAGUE - PREMIER DIVISION,POOLE TOWN,FIRST ROUND PROPER,8
1963,13,WESTERN LEAGUE,POOLE TOWN,FIRST ROUND PROPER,8
1964,14,CENTRAL ALLIANCE,HEANOR TOWN,FIRST ROUND PROPER,8
1964,7,MIDLAND COUNTIES LEAGUE,HEANOR TOWN,FIRST ROUND PROPER,8
1964,3,CHESHIRE COUNTY LEAGUE,ALTRINCHAM,FIRST ROUND PROPER,8
1964,6,MANCHESTER LEAGUE - DIVISION 1,ALTRINCHAM,FIRST ROUND PROPER,8
1964,8,LEICESTERSHIRE SENIOR LEAGUE - DIVISION 1,LOUGHBOROUGH UNITED,FIRST ROUND PROPER,8
1964,17,MIDLAND COUNTIES LEAGUE,LOUGHBOROUGH UNITED,FIRST ROUND PROPER,8
1964,2,METROPOLITAN LEAGUE - DIVISION 1,CHELMSFORD CITY,FIRST ROUND PROPER,8
1964,2,SOUTHERN LEAGUE - PREMIER DIVISION,CHELMSFORD CITY,FIRST ROUND PROPER,8
1964,13,METROPOLITAN LEAGUE - DIVISION 1,KETTERING TOWN,FIRST ROUND PROPER,8
1964,21,SOUTHERN LEAGUE - PREMIER DIVISION,KETTERING TOWN,FIRST ROUND PROPER,8
1964,17,METROPOLITAN LEAGUE - DIVISION 1,BEXLEY UNITED,FIRST ROUND PROPER,8
1964,16,SOUTH-EAST COUNTIES LEAGUE,BEXLEY UNITED,FIRST ROUND PROPER,8
1964,12,SOUTHERN LEAGUE - PREMIER DIVISION,BEXLEY UNITED,FIRST ROUND PROPER,8
1964,18,METROPOLITAN LEAGUE - DIVISION 1,BEDFORD TOWN,FIRST ROUND PROPER,8
1964,8,SOUTHERN LEAGUE - PREMIER DIVISION,BEDFORD TOWN,FIRST ROUND PROPER,8
1964,1,SOUTHERN LEAGUE - PREMIER DIVISION,YEOVIL TOWN,FIRST ROUND PROPER,8
1964,12,WESTERN LEAGUE,YEOVIL TOWN,FIRST ROUND PROPER,8
1964,3,SOUTHERN LEAGUE - PREMIER DIVISION,BATH CITY,FIRST ROUND PROPER,8
1964,14,WESTERN LEAGUE,BATH CITY,FIRST ROUND PROPER,8
1964,7,SOUTHERN LEAGUE - PREMIER DIVISION,WEYMOUTH,FIRST ROUND PROPER,8
1964,9,WESTERN LEAGUE,WEYMOUTH,FIRST ROUND PROPER,8
1965,4,EASTERN COUNTIES LEAGUE,KING'S LYNN,FIRST ROUND PROPER,8
1965,15,SOUTHERN LEAGUE - PREMIER DIVISION,KING'S LYNN,FIRST ROUND PROPER,8
1965,11,METROPOLITAN LEAGUE,CHELMSFORD CITY,FIRST ROUND PROPER,8
1965,5,SOUTHERN LEAGUE - PREMIER DIVISION,CHELMSFORD CITY,FIRST ROUND PROPER,8
1965,15,METROPOLITAN LEAGUE,GUILDFORD CITY,FIRST ROUND PROPER,8
1965,2,SOUTHERN LEAGUE - PREMIER DIVISION,GUILDFORD CITY,FIRST ROUND PROPER,8
1965,16,METROPOLITAN LEAGUE,ROMFORD,FIRST ROUND PROPER,8
1965,14,SOUTHERN LEAGUE - PREMIER DIVISION,ROMFORD,FIRST ROUND PROPER,8
1965,17,METROPOLITAN LEAGUE,DARTFORD,FIRST ROUND PROPER,8
1965,7,SOUTHERN LEAGUE - PREMIER DIVISION,DARTFORD,FIRST ROUND PROPER,8
1965,5,MIDLAND COUNTIES LEAGUE,SCARBOROUGH,FIRST ROUND PROPER,8
1965,8,YORKSHIRE LEAGUE - FIRST DIVISION,SCARBOROUGH,FIRST ROUND PROPER,8
1965,1,SOUTHERN LEAGUE - PREMIER DIVISION,WEYMOUTH,FIRST ROUND PROPER,8
1965,6,WESTERN LEAGUE,WEYMOUTH,FIRST ROUND PROPER,8
1965,22,SOUTHERN LEAGUE - PREMIER DIVISION,BATH CITY,FIRST ROUND PROPER,8
1965,17,WESTERN LEAGUE,BATH CITY,FIRST ROUND PROPER,8
1966,9,CENTRAL ALLIANCE,BURTON ALBION,FIRST ROUND PROPER,8
1966,3,SOUTHERN LEAGUE - FIRST DIVISION,BURTON ALBION,FIRST ROUND PROPER,8
1966,1,CHESHIRE COUNTY LEAGUE,ALTRINCHAM,FIRST ROUND PROPER,8
1966,2,MANCHESTER LEAGUE - DIVISION 1,ALTRINCHAM,FIRST ROUND PROPER,8
1966,2,CHESHIRE COUNTY LEAGUE,WIGAN ATHLETIC,FIRST ROUND PROPER,8
1966,6,MANCHESTER LEAGUE - DIVISION 1,WIGAN ATHLETIC,FIRST ROUND PROPER,8
1966,11,LINCOLNSHIRE LEAGUE,GRANTHAM TOWN,FIRST ROUND PROPER,8
1966,3,MIDLAND COUNTIES LEAGUE,GRANTHAM TOWN,FIRST ROUND PROPER,8
1966,7,METROPOLITAN LEAGUE,WIMBLEDON,FIRST ROUND PROPER,8
1966,5,SOUTHERN LEAGUE - PREMIER DIVISION,WIMBLEDON,FIRST ROUND PROPER,8
1966,10,METROPOLITAN LEAGUE,BARNET,FIRST ROUND PROPER,8
1966,1,SOUTHERN LEAGUE - FIRST DIVISION,BARNET,FIRST ROUND PROPER,8
1966,14,METROPOLITAN LEAGUE,DARTFORD,FIRST ROUND PROPER,8
1966,19,SOUTHERN LEAGUE - PREMIER DIVISION,DARTFORD,FIRST ROUND PROPER,8
1966,16,METROPOLITAN LEAGUE,BEDFORD TOWN,FIRST ROUND PROPER,8
1966,4,SOUTHERN LEAGUE - PREMIER DIVISION,BEDFORD TOWN,FIRST ROUND PROPER,8
1966,11,MIDLAND COUNTIES LEAGUE,SCARBOROUGH,FIRST ROUND PROPER,8
1966,11,YORKSHIRE LEAGUE - FIRST DIVISION,SCARBOROUGH,FIRST ROUND PROPER,8
1966,1,SOUTHERN LEAGUE - PREMIER DIVISION,WEYMOUTH,FIRST ROUND PROPER,8
1966,13,WESTERN LEAGUE,WEYMOUTH,FIRST ROUND PROPER,8
1966,12,SOUTHERN LEAGUE - PREMIER DIVISION,CORBY TOWN,FIRST ROUND PROPER,8
1966,19,UNITED COUNTIES LEAGUE - DIVISION 1,CORBY TOWN,FIRST ROUND PROPER,8
1966,6,SOUTHERN LEAGUE - FIRST DIVISION,WISBECH TOWN,FIRST ROUND PROPER,8
1966,14,UNITED COUNTIES LEAGUE - DIVISION 1,WISBECH TOWN,FIRST ROUND PROPER,8
1967,2,CHESHIRE COUNTY LEAGUE,WIGAN ATHLETIC,FIRST ROUND PROPER,8
1967,5,MANCHESTER LEAGUE - PREMIER DIVISION,WIGAN ATHLETIC,FIRST ROUND PROPER,8
1967,3,LINCOLNSHIRE LEAGUE - DIVISION 1,GRANTHAM TOWN,FIRST ROUND PROPER,8
1967,3,MIDLAND COUNTIES LEAGUE,GRANTHAM TOWN,FIRST ROUND PROPER,8
1967,11,LINCOLNSHIRE LEAGUE - DIVISION 1,GAINSBOROUGH TRINITY,FIRST ROUND PROPER,8
1967,1,MIDLAND COUNTIES LEAGUE,GAINSBOROUGH TRINITY,FIRST ROUND PROPER,8
1967,8,METROPOLITAN LEAGUE,BEDFORD TOWN,FIRST ROUND PROPER,8
1967,21,SOUTHERN LEAGUE - PREMIER DIVISION,BEDFORD TOWN,FIRST ROUND PROPER,8
1967,10,METROPOLITAN LEAGUE,WIMBLEDON,FIRST ROUND PROPER,8
1967,4,SOUTHERN LEAGUE - PREMIER DIVISION,WIMBLEDON,FIRST ROUND PROPER,8
1967,14,METROPOLITAN LEAGUE,CHELMSFORD CITY,FIRST ROUND PROPER,8
1967,9,SOUTHERN LEAGUE - PREMIER DIVISION,CHELMSFORD CITY,FIRST ROUND PROPER,8
1967,14,SOUTHERN LEAGUE - PREMIER DIVISION,YEOVIL TOWN,FIRST ROUND PROPER,8
1967,21,WESTERN LEAGUE,YEOVIL TOWN,FIRST ROUND PROPER,8
1968,4,LINCOLNSHIRE LEAGUE - DIVISION 1,GRANTHAM TOWN,FIRST ROUND PROPER,8
1968,6,MIDLAND COUNTIES LEAGUE,GRANTHAM TOWN,FIRST ROUND PROPER,8
1968,11,LINCOLNSHIRE LEAGUE - DIVISION 1,BOSTON UNITED,FIRST ROUND PROPER,8
1968,1,WEST MIDLANDS (REGIONAL) LEAGUE - PREMIER DIVISION,BOSTON UNITED,FIRST ROUND PROPER,8
1968,1,METROPOLITAN LEAGUE,CHELMSFORD CITY,FIRST ROUND PROPER,8
1968,1,SOUTHERN LEAGUE - PREMIER DIVISION,CHELMSFORD CITY,FIRST ROUND PROPER,8
1968,10,METROPOLITAN LEAGUE,WIMBLEDON,FIRST ROUND PROPER,8
1968,2,SOUTHERN LEAGUE - PREMIER DIVISION,WIMBLEDON,FIRST ROUND PROPER,8
1968,12,SOUTHERN LEAGUE - PREMIER DIVISION,YEOVIL TOWN,FIRST ROUND PROPER,8
1968,21,WESTERN LEAGUE,YEOVIL TOWN,FIRST ROUND PROPER,8
1969,6,EASTERN COUNTIES LEAGUE,KING'S LYNN,FIRST ROUND PROPER,8
1969,4,SOUTHERN LEAGUE - PREMIER DIVISION,KING'S LYNN,FIRST ROUND PROPER,8
1969,1,MANCHESTER LEAGUE - PREMIER DIVISION,MACCLESFIELD TOWN,FIRST ROUND PROPER,8
1969,1,NORTHERN PREMIER LEAGUE,MACCLESFIELD TOWN,FIRST ROUND PROPER,8
1969,2,MANCHESTER LEAGUE - PREMIER DIVISION,ALTRINCHAM,FIRST ROUND PROPER,8
1969,9,NORTHERN PREMIER LEAGUE,ALTRINCHAM,FIRST ROUND PROPER,8
1969,8,METROPOLITAN LEAGUE,CHELMSFORD CITY,FIRST ROUND PROPER,8
1969,13,SOUTHERN LEAGUE - PREMIER DIVISION,CHELMSFORD CITY,FIRST ROUND PROPER,8
1969,8,SOUTHERN LEAGUE - PREMIER DIVISION,YEOVIL TOWN,FIRST ROUND PROPER,8
1969,19,WESTERN LEAGUE,YEOVIL TOWN,FIRST ROUND PROPER,8
1970,14,HELLENIC LEAGUE - PREMIER DIVISION,OXFORD CITY,FIRST ROUND PROPER,8
1970,11,ISTHMIAN LEAGUE - SENIOR SECTION,OXFORD CITY,FIRST ROUND PROPER,8
1970,13,LANCASHIRE COMBINATION,WIGAN ATHLETIC,FIRST ROUND PROPER,8
1970,2,NORTHERN PREMIER LEAGUE,WIGAN ATHLETIC,FIRST ROUND PROPER,8
1970,14,METROPOLITAN LEAGUE,BRENTWOOD TOWN,FIRST ROUND PROPER,8
1970,9,SOUTHERN LEAGUE - PREMIER DIVISION,BRENTWOOD TOWN,FIRST ROUND PROPER,8
1970,2,SOUTHERN LEAGUE - PREMIER DIVISION,YEOVIL TOWN,FIRST ROUND PROPER,8
1970,17,WESTERN LEAGUE,YEOVIL TOWN,FIRST ROUND PROPER,8
1970,4,SOUTHERN LEAGUE - PREMIER DIVISION,WEYMOUTH,FIRST ROUND PROPER,8
1970,18,WESTERN LEAGUE,WEYMOUTH,FIRST ROUND PROPER,8
1970,15,SOUTHERN LEAGUE - PREMIER DIVISION,KETTERING TOWN,FIRST ROUND PROPER,8
1970,15,UNITED COUNTIES LEAGUE - DIVISION 1,KETTERING TOWN,FIRST ROUND PROPER,8
1971,4,LANCASHIRE COMBINATION,WIGAN ATHLETIC,FIRST ROUND PROPER,8
1971,1,NORTHERN PREMIER LEAGUE,WIGAN ATHLETIC,FIRST ROUND PROPER,8
1971,11,MANCHESTER LEAGUE - PREMIER DIVISION,MACCLESFIELD TOWN,FIRST ROUND PROPER,8
1971,5,NORTHERN PREMIER LEAGUE,MACCLESFIELD TOWN,FIRST ROUND PROPER,8
1971,6,METROPOLITAN LEAGUE,CHELMSFORD CITY,FIRST ROUND PROPER,8
1971,5,SOUTHERN LEAGUE - PREMIER DIVISION,CHELMSFORD CITY,FIRST ROUND PROPER,8
1972,12,LANCASHIRE LEAGUE - DIVISION 1,WIGAN ATHLETIC,FIRST ROUND PROPER,8
1972,3,NORTHERN PREMIER LEAGUE,WIGAN ATHLETIC,FIRST ROUND PROPER,8
1972,1,SOUTHERN LEAGUE - FIRST DIVISION NORTH,KETTERING TOWN,FIRST ROUND PROPER,8
1972,14,UNITED COUNTIES LEAGUE - DIVISION 1,KETTERING TOWN,FIRST ROUND PROPER,8
1973,5,LANCASHIRE LEAGUE - DIVISION 1,SOUTH LIVERPOOL,FIRST ROUND PROPER,8
1973,17,NORTHERN PREMIER LEAGUE,SOUTH LIVERPOOL,FIRST ROUND PROPER,8
1973,10,LANCASHIRE LEAGUE - DIVISION 1,WIGAN ATHLETIC,FIRST ROUND PROPER,8
1973,3,NORTHERN PREMIER LEAGUE,WIGAN ATHLETIC,FIRST ROUND PROPER,8
1974,1,LANCASHIRE LEAGUE - DIVISION 1,WIGAN ATHLETIC,FIRST ROUND PROPER,8
1974,2,NORTHERN PREMIER LEAGUE,WIGAN ATHLETIC,FIRST ROUND PROPER,8
1975,6,LANCASHIRE LEAGUE - DIVISION 1,WIGAN ATHLETIC,FIRST ROUND PROPER,8
1975,1,NORTHERN PREMIER LEAGUE,WIGAN ATHLETIC,FIRST ROUND PROPER,8
1975,13,LANCASHIRE LEAGUE - DIVISION 1,MORECAMBE,FIRST ROUND PROPER,8
1975,13,NORTHERN PREMIER LEAGUE,MORECAMBE,FIRST ROUND PROPER,8
1976,9,LANCASHIRE LEAGUE,MACCLESFIELD TOWN,FIRST ROUND PROPER,8
1976,15,NORTHERN PREMIER LEAGUE,MACCLESFIELD TOWN,FIRST ROUND PROPER,8
1976,11,LANCASHIRE LEAGUE,ALTRINCHAM,FIRST ROUND PROPER,8
1976,7,NORTHERN PREMIER LEAGUE,ALTRINCHAM,FIRST ROUND PROPER,8
1976,14,LANCASHIRE COMBINATION,MORECAMBE,FIRST ROUND PROPER,8
1976,20,NORTHERN PREMIER LEAGUE,MORECAMBE,FIRST ROUND PROPER,8
1976,16,LANCASHIRE COMBINATION,WIGAN ATHLETIC,FIRST ROUND PROPER,8
1976,6,NORTHERN PREMIER LEAGUE,WIGAN ATHLETIC,FIRST ROUND PROPER,8
1977,13,LANCASHIRE COMBINATION,WIGAN ATHLETIC,FIRST ROUND PROPER,8
1977,14,NORTHERN PREMIER LEAGUE,WIGAN ATHLETIC,FIRST ROUND PROPER,8
1977,17,LANCASHIRE COMBINATION,MORECAMBE,FIRST ROUND PROPER,8
1977,15,NORTHERN PREMIER LEAGUE,MORECAMBE,FIRST ROUND PROPER,8
1980,11,ALLIANCE PREMIER LEAGUE,SCARBOROUGH,FIRST ROUND PROPER,8
1980,4,YORKSHIRE LEAGUE - DIVISION 1,SCARBOROUGH,FIRST ROUND PROPER,8
1980,12,ALLIANCE PREMIER LEAGUE,YEOVIL TOWN,FIRST ROUND PROPER,8
1980,15,WESTERN LEAGUE - FIRST DIVISION,YEOVIL TOWN,FIRST ROUND PROPER,8
1981,3,CONFERENCE (ALLIANCE PREMIER LEAGUE),SCARBOROUGH,FIRST ROUND PROPER,8
1981,7,YORKSHIRE FOOTBALL LEAGUE DIVISION ONE,SCARBOROUGH,FIRST ROUND PROPER,8
1981,8,CONFERENCE (ALLIANCE PREMIER LEAGUE),BOSTON UNITED,FIRST ROUND PROPER,8
1981,15,LINCOLNSHIRE FOOTBALL LEAGUE PREMIER DIVISION,BOSTON UNITED,FIRST ROUND PROPER,8
1981,14,CONFERENCE (ALLIANCE PREMIER LEAGUE),YEOVIL TOWN,FIRST ROUND PROPER,8
1981,6,WESTERN LEAGUE DIVISION 1,YEOVIL TOWN,FIRST ROUND PROPER,8
1981,2,ISTHMIAN LEAGUE PREMIER DIVISION,ENFIELD,FIRST ROUND PROPER,8
1981,6,THE OLD BOYS' FOOTBALL LEAGUE PREMIER DIVISION,ENFIELD,FIRST ROUND PROPER,8
1982,1,CONFERENCE (ALLIANCE PREMIER LEAGUE),RUNCORN,FIRST ROUND PROPER,8
1982,10,WEST CHESHIRE FOOTBALL LEAGUE DIVISION ONE,RUNCORN,FIRST ROUND PROPER,8
1982,2,CONFERENCE (ALLIANCE PREMIER LEAGUE),ENFIELD,FIRST ROUND PROPER,8
1982,2,ESSEX AND HERTS BORDER COMBINATION WESTERN DIVISION,ENFIELD,FIRST ROUND PROPER,8
1982,2,THE OLD BOYS' FOOTBALL LEAGUE PREMIER DIVISION,ENFIELD,FIRST ROUND PROPER,8
1982,5,CONFERENCE (ALLIANCE PREMIER LEAGUE),DAGENHAM,FIRST ROUND PROPER,8
1982,8,ESSEX AND HERTS BORDER COMBINATION EASTERN DIVISION,DAGENHAM,FIRST ROUND PROPER,8
1982,10,CONFERENCE (ALLIANCE PREMIER LEAGUE),BOSTON UNITED,FIRST ROUND PROPER,8
1982,2,LINCOLNSHIRE FOOTBALL LEAGUE PREMIER DIVISION,BOSTON UNITED,FIRST ROUND PROPER,8
1982,18,CONFERENCE (ALLIANCE PREMIER LEAGUE),BARNET,FIRST ROUND PROPER,8
1982,3,ESSEX AND HERTS BORDER COMBINATION WESTERN DIVISION,BARNET,FIRST ROUND PROPER,8
1982,6,ESSEX AND HERTS BORDER COMBINATION EASTERN DIVISION,BARKING,FIRST ROUND PROPER,8
1982,12,ISTHMIAN LEAGUE PREMIER DIVISION,BARKING,FIRST ROUND PROPER,8
1982,1,ESSEX AND HERTS BORDER COMBINATION WESTERN DIVISION,BISHOP'S STORTFORD,FIRST ROUND PROPER,8
1982,15,ISTHMIAN LEAGUE PREMIER DIVISION,BISHOP'S STORTFORD,FIRST ROUND PROPER,8
1982,4,ESSEX AND HERTS BORDER COMBINATION WESTERN DIVISION,LEYTONSTONE/ILFORD,FIRST ROUND PROPER,8
1982,1,ISTHMIAN LEAGUE PREMIER DIVISION,LEYTONSTONE/ILFORD,FIRST ROUND PROPER,8
1982,5,ESSEX AND HERTS BORDER COMBINATION WESTERN DIVISION,HENDON,FIRST ROUND PROPER,8
1982,13,ISTHMIAN LEAGUE PREMIER DIVISION,HENDON,FIRST ROUND PROPER,8
1982,6,ESSEX AND HERTS BORDER COMBINATION WESTERN DIVISION,HARLOW TOWN,FIRST ROUND PROPER,8
1982,21,ISTHMIAN LEAGUE PREMIER DIVISION,HARLOW TOWN,FIRST ROUND PROPER,8
1982,2,ISTHMIAN LEAGUE PREMIER DIVISION,SUTTON UNITED,FIRST ROUND PROPER,8
1982,1,SUBURBAN FOOTBALL LEAGUE SOUTH,SUTTON UNITED,FIRST ROUND PROPER,8
1982,3,ISTHMIAN LEAGUE PREMIER DIVISION,WYCOMBE WANDERERS,FIRST ROUND PROPER,8
1982,3,SUBURBAN FOOTBALL LEAGUE NORTH,WYCOMBE WANDERERS,FIRST ROUND PROPER,8
1982,2,KENT LEAGUE DIVISION TWO,DOVER,FIRST ROUND PROPER,8
1982,13,SOUTHERN LEAGUE DIVISION 1 SOUTH,DOVER,FIRST ROUND PROPER,8
1982,8,KENT LEAGUE DIVISION TWO,HASTINGS UNITED,FIRST ROUND PROPER,8
1982,2,SOUTHERN LEAGUE DIVISION 1 SOUTH,HASTINGS UNITED,FIRST ROUND PROPER,8
1982,17,SOUTHERN LEAGUE DIVISION 1 MIDLAND,TAUNTON TOWN,FIRST ROUND PROPER,8
1982,13,SOMERSET SENIOR FOOTBALL LEAGUE DIVISION ONE,TAUNTON TOWN,FIRST ROUND PROPER,8
1982,7,WEST MIDLANDS LEAGUE DIVISION 1,WILLENHALL TOWN,FIRST ROUND PROPER,8
1982,7,WEST MIDLAND LEAGUE PREMIER DIVISION,WILLENHALL TOWN,FIRST ROUND PROPER,8
1983,1,CONFERENCE (ALLIANCE PREMIER LEAGUE),ENFIELD,FIRST ROUND PROPER,8
1983,4,THE OLD BOYS FOOTBALL LEAGUE PREMIER DIVISION,ENFIELD,FIRST ROUND PROPER,8
1983,2,CONFERENCE (ALLIANCE PREMIER LEAGUE),MAIDSTONE UNITED,FIRST ROUND PROPER,8
1983,1,KENT LEAGUE DIVISION TWO,MAIDSTONE UNITED,FIRST ROUND PROPER,8
1983,5,CONFERENCE (ALLIANCE PREMIER LEAGUE),BOSTON UNITED,FIRST ROUND PROPER,8
1983,2,LINCOLNSHIRE LEAGUE PREMIER DIVISION,BOSTON UNITED,FIRST ROUND PROPER,8
1983,7,CONFERENCE (ALLIANCE PREMIER LEAGUE),WEYMOUTH,FIRST ROUND PROPER,8
1983,10,WESTERN LEAGUE DIVISION 1,WEYMOUTH,FIRST ROUND PROPER,8
1983,9,CONFERENCE (ALLIANCE PREMIER LEAGUE),SCARBOROUGH,FIRST ROUND PROPER,8
1983,1,NORTH COUNTIES EAST LEAGUE DIVISION 1 NORTH,SCARBOROUGH,FIRST ROUND PROPER,8
1983,20,CONFERENCE (ALLIANCE PREMIER LEAGUE),YEOVIL TOWN,FIRST ROUND PROPER,8
1983,12,WESTERN LEAGUE DIVISION 1,YEOVIL TOWN,FIRST ROUND PROPER,8
1983,14,KENT LEAGUE DIVISION TWO,DARTFORD,FIRST ROUND PROPER,8
1983,6,SOUTHERN LEAGUE PREMIER DIVISION,DARTFORD,FIRST ROUND PROPER,8
1983,16,KENT LEAGUE DIVISION TWO,FOLKESTONE,FIRST ROUND PROPER,8
1983,2,SOUTHERN LEAGUE SOUTHERN DIVISION,FOLKESTONE,FIRST ROUND PROPER,8
1984,17,CONFERENCE (ALLIANCE PREMIER LEAGUE),BOSTON UNITED,FIRST ROUND PROPER,8
1984,13,HAMBRO LIFE LINCOLNSHIRE LEAGUE PREMIER DIVISION,BOSTON UNITED,FIRST ROUND PROPER,8
1984,20,CONFERENCE (ALLIANCE PREMIER LEAGUE),YEOVIL TOWN,FIRST ROUND PROPER,8
1984,17,WESTERN LEAGUE DIVISION 1,YEOVIL TOWN,FIRST ROUND PROPER,8
1984,16,HAMPSHIRE LEAGUE DIVISION 1,WATERLOOVILLE,FIRST ROUND PROPER,8
1984,12,SOUTHERN LEAGUE SOUTHERN DIVISION,WATERLOOVILLE,FIRST ROUND PROPER,8
1985,3,GOLA LEAGUE (ALLIANCE PREMIER LEAGUE),DARTFORD,FIRST ROUND PROPER,8
1985,10,ESSEX AND HERTS BORDER COMBINATION EASTERN DIVISION,DARTFORD,FIRST ROUND PROPER,8
1985,7,GOLA LEAGUE (ALLIANCE PREMIER LEAGUE),ENFIELD,FIRST ROUND PROPER,8
1985,1,ESSEX AND HERTS BORDER COMBINATION WESTERN DIVISION,ENFIELD,FIRST ROUND PROPER,8
1985,12,ESSEX AND HERTS BORDER COMBINATION WESTERN DIVISION,BISHOP'S STORTFORD,FIRST ROUND PROPER,8
1985,16,SERVOWARM ISTHMIAN LEAGUE PREMIER DIVISION,BISHOP'S STORTFORD,FIRST ROUND PROPER,8
1985,1,ISTHMIAN LEAGUE DIVISION 1,FARNBOROUGH,FIRST ROUND PROPER,8
1985,9,SUBURBAN LEAGUE NORTH,FARNBOROUGH,FIRST ROUND PROPER,8
1985,10,ISTHMIAN LEAGUE DIVISION 1,STAINES TOWN,FIRST ROUND PROPER,8
1985,10,SUBURBAN LEAGUE NORTH,STAINES TOWN,FIRST ROUND PROPER,8
1985,4,KENT LEAGUE DIVISION TWO,FISHER,FIRST ROUND PROPER,8
1985,8,SOUTHERN LEAGUE PREMIER DIVISION,FISHER,FIRST ROUND PROPER,8
1986,5,CONFERENCE (GOLA LEAGUE) (ALLIANCE PREMIER LEAGUE),WEYMOUTH,FIRST ROUND PROPER,8
1986,9,WESTERN LEAGUE DIVISION 1,WEYMOUTH,FIRST ROUND PROPER,8
1986,2,ISTHMIAN LEAGUE PREMIER DIVISION,YEOVIL TOWN,FIRST ROUND PROPER,8
1986,3,WESTERN LEAGUE DIVISION 1,YEOVIL TOWN,FIRST ROUND PROPER,8
1987,10,CONFERENCE (ALLIANCE PREMIER LEAGUE),BATH CITY,FIRST ROUND PROPER,8
1987,3,WESTERN LEAGUE DIVISION 1,BATH CITY,FIRST ROUND PROPER,8
1988,20,CONFERENCE (ALLIANCE PREMIER LEAGUE),BATH CITY,FIRST ROUND PROPER,8
1988,4,WESTERN LEAGUE DIVISION 1,BATH CITY,FIRST ROUND PROPER,8
1988,10,ISTHMIAN LEAGUE DIVISON 2 SOUTH,HAYES & YEADING UNITED,FIRST ROUND PROPER,8
1988,6,ISTHMIAN LEAGUE PREMIER DIVISION,HAYES & YEADING UNITED,FIRST ROUND PROPER,8
1988,1,ISTHMIAN LEAGUE PREMIER DIVISION,YEOVIL TOWN,FIRST ROUND PROPER,8
1988,17,WESTERN LEAGUE DIVISION 1,YEOVIL TOWN,FIRST ROUND PROPER,8
1989,14,CONFERENCE (ALLIANCE PREMIER LEAGUE),ALTRINCHAM,FIRST ROUND PROPER,8
1989,6,MID CHESHIRE LEAGUE,ALTRINCHAM,FIRST ROUND PROPER,8
1989,15,ISTHMIAN LEAGUE DIVISON 2 SOUTH,HAYES & YEADING UNITED,FIRST ROUND PROPER,8
1989,8,ISTHMIAN LEAGUE PREMIER DIVISION,HAYES & YEADING UNITED,FIRST ROUND PROPER,8
1989,9,SOUTHERN LEAGUE PREMIER DIVISION,BATH CITY,FIRST ROUND PROPER,8
1989,15,WESTERN LEAGUE DIVISION 1,BATH CITY,FIRST ROUND PROPER,8
